{
	"__comment": "Designed by Linyor with BDcraft Cubik PRO 0.95 Beta - http://bdcraft.net",
	"parent": "block/block",
	"ambientocclusion": false,
	"textures": {
		"particle": "block/bookshelf",
		"bookshelf": "block/bookshelf",
		"planks": "block/oak_planks",
		"books": "block/3d/bookshelf_books"
	},
	"elements": [ 	 
		{
			"__comment": "MiddleShelf",
			"from": [ 0.5, 7, 0.5 ],
			"to": [ 15.5, 9, 15.5 ],
			"faces": {
				"north": { "uv": [ 1, 7, 15, 9 ], "texture": "#bookshelf", "cullface": "north" },
				"south": { "uv": [ 1, 7, 15, 9 ], "texture": "#bookshelf", "cullface": "south" },
				"west": { "uv": [ 1, 7, 15, 9 ], "texture": "#bookshelf", "cullface": "west" },
				"east": { "uv": [ 1, 7, 15, 9 ], "texture": "#bookshelf", "cullface": "east" }
			}
		},
		{
			"__comment": "MiddleColumn",
			"from": [ 6, 1, 6 ],
			"to": [ 10, 15, 10 ],
			"faces": {
				"north": { "uv": [ 1, 1, 1.5, 1.5 ], "texture": "#bookshelf", "cullface": "north" },
				"south": { "uv": [ 1, 1, 1.5, 1.5 ], "texture": "#bookshelf", "cullface": "south" },
				"west": { "uv": [ 1, 1, 1.5, 1.5 ], "texture": "#bookshelf", "cullface": "west" },
				"east": { "uv": [ 1, 1, 1.5, 1.5 ], "texture": "#bookshelf", "cullface": "east" }
			}
		},
		{
			"__comment": "Top",
			"from": [ 0, 15, 0 ],
			"to": [ 16, 16, 16 ],
			"faces": {
				"up": { "uv": [ 0, 0, 16, 16 ], "texture": "#planks", "cullface": "up" },
				"north": { "uv": [ 0, 0, 16, 1 ], "texture": "#bookshelf", "cullface": "north" },
				"south": { "uv": [ 0, 0, 16, 1 ], "texture": "#bookshelf", "cullface": "south" },
				"west": { "uv": [ 0, 0, 16, 1 ], "texture": "#bookshelf", "cullface": "west" },
				"east": { "uv": [ 0, 0, 16, 1 ], "texture": "#bookshelf", "cullface": "east" }
			}
		},
		{
			"__comment": "Bottom",
			"from": [ 0, 0, 0 ],
			"to": [ 16, 1, 16 ],
			"faces": {
				"down": { "uv": [ 16, 14.5, 0, 1.5 ], "texture": "#planks", "cullface": "down" },
				"north": { "uv": [ 0, 15, 16, 16 ], "texture": "#bookshelf", "cullface": "north" },
				"south": { "uv": [ 0, 15, 16, 16 ], "texture": "#bookshelf", "cullface": "south" },
				"west": { "uv": [ 0, 15, 16, 16 ], "texture": "#bookshelf", "cullface": "west" },
				"east": { "uv": [ 0, 15, 16, 16 ], "texture": "#bookshelf", "cullface": "east" }
			}
		},
		{
			"__comment": "VerticalEdge1",
			"from": [ 15, 1, 15 ],
			"to": [ 16, 15, 16 ],
			"faces": {
				"north": { "uv": [ 0, 1, 1, 15 ], "texture": "#bookshelf", "cullface": "east" },
				"south": { "uv": [ 15, 1, 16, 15 ], "texture": "#bookshelf", "cullface": "south" },
				"west": { "uv": [ 15, 1.000001, 16, 15 ], "texture": "#bookshelf", "cullface": "south" },
				"east": { "uv": [ 0, 1, 1, 15 ], "texture": "#bookshelf", "cullface": "east" }
			}
		},
		{
			"__comment": "VerticalEdge2",
			"from": [ 15, 1, 0 ],
			"to": [ 16, 15, 1 ],
			"faces": {
				"north": { "uv": [ 15, 1, 16, 15 ], "texture": "#bookshelf", "cullface": "north" },
				"south": { "uv": [ 0, 1, 1, 15 ], "texture": "#bookshelf", "cullface": "east" },
				"west": { "uv": [ 0, 1, 1, 15 ], "texture": "#bookshelf", "cullface": "north" },
				"east": { "uv": [ 15, 1, 16, 15 ], "texture": "#bookshelf", "cullface": "east" }
			}
		},
		{
			"__comment": "VerticalEdge3",
			"from": [ 0, 1, 0 ],
			"to": [ 1, 15, 1 ],
			"faces": {
				"north": { "uv": [ 15, 1, 16, 15 ], "texture": "#bookshelf", "cullface": "north" },
				"south": { "uv": [ 0, 1, 1, 15 ], "texture": "#bookshelf", "cullface": "west" },
				"west": { "uv": [ 0, 1, 1, 15 ], "texture": "#bookshelf", "cullface": "west" },
				"east": { "uv": [ 15, 1, 16, 15 ], "texture": "#bookshelf", "cullface": "north" }
			}
		},
		{
			"__comment": "VerticalEdge4",
			"from": [ 0, 1, 15 ],
			"to": [ 1, 15, 16 ],
			"faces": {
				"north": { "uv": [ 15, 1.000001, 16, 15 ], "texture": "#bookshelf", "cullface": "west" },
				"south": { "uv": [ 0, 1, 1, 15 ], "texture": "#bookshelf", "cullface": "south" },
				"west": { "uv": [ 15, 1.000001, 16, 15 ], "texture": "#bookshelf", "cullface": "west" },
				"east": { "uv": [ 0, 1, 1, 15 ], "texture": "#bookshelf", "cullface": "south" }
			}
		},
		{
			"__comment": "Diagonal1",
			"from": [ 0.85, 1, 0.5 ],
			"to": [ 8.85, 15, 1 ],
			"rotation": { "origin": [ 0.85, 1.5, 0.5 ], "axis": "y", "angle": -45 },
			"faces": {
				"north": { "uv": [ 1, 1, 1.5, 1.5 ], "texture": "#bookshelf", "cullface": "north" },
				"south": { "uv": [ 1, 1, 1.5, 1.5 ], "texture": "#bookshelf", "cullface": "west" }
			}
		},
		{
			"__comment": "Diagonal2",
			"from": [ 9.849999, 1, 9.5 ],
			"to": [ 17.85, 15, 10 ],
			"rotation": { "origin": [ 9.85, 1.5, 9.5 ], "axis": "y", "angle": -45 },
			"faces": {
				"north": { "uv": [ 1, 1, 1.5, 1.5 ], "texture": "#bookshelf", "cullface": "east" },
				"south": { "uv": [ 1, 1, 1.5, 1.5 ], "texture": "#bookshelf", "cullface": "south" }
			}
		},
		{
			"__comment": "Diagonal3",
			"from": [ 9.5, 1, 6.135 ],
			"to": [ 17.5, 15, 6.635 ],
			"rotation": { "origin": [ 9.5, 1.5, 6.135 ], "axis": "y", "angle": 45 },
			"faces": {
				"north": { "uv": [ 1, 1, 1.5, 1.5 ], "texture": "#bookshelf", "cullface": "north" },
				"south": { "uv": [ 1, 1, 1.5, 1.5 ], "texture": "#bookshelf", "cullface": "east" }
			}
		},
		{
			"__comment": "Diagonal4",
			"from": [ 0.4116, 1, 15.1134 ],
			"to": [ 8.4116, 15, 15.6134 ],
			"rotation": { "origin": [ 0.5, 1.5, 15.025 ], "axis": "y", "angle": 45 },
			"faces": {
				"north": { "uv": [ 1, 1, 1.5, 1.5 ], "texture": "#bookshelf", "cullface": "west" },
				"south": { "uv": [ 1, 1, 1.5, 1.5 ], "texture": "#bookshelf", "cullface": "south" }
			}
		},
		{
			"__comment": "BottomN",
			"from": [ 0, 0, 0 ],
			"to": [ 16, 1, 16 ],
			"faces": {
				"up": { "uv": [ 0, 0, 16, 16 ], "texture": "#planks", "cullface": "north" }
			}
		},
		{
			"__comment": "BottomE",
			"from": [ 0, 0, 0 ],
			"to": [ 16, 1, 16 ],
			"faces": {
				"up": { "uv": [ 0, 0, 16, 16 ], "texture": "#planks", "cullface": "east" }
			}
		},
		{
			"__comment": "BottomS",
			"from": [ 0, 0, 0 ],
			"to": [ 16, 1, 16 ],
			"faces": {
				"up": { "uv": [ 0, 0, 16, 16 ], "texture": "#planks", "cullface": "south" }
			}
		},
		{
			"__comment": "BottomW",
			"from": [ 0, 0, 0 ],
			"to": [ 16, 1, 16 ],
			"faces": {
				"up": { "uv": [ 0, 0, 16, 16 ], "texture": "#planks", "cullface": "west" }
			}
		},
		{
			"__comment": "MiddleN",
			"from": [ 0.5, 7, 0.5 ],
			"to": [ 15.5, 9, 15.5 ],
			"faces": {
				"down": { "uv": [ 0.5, 0.5, 15.5, 15.5 ], "texture": "#planks", "cullface": "north" },
				"up": { "uv": [ 0.5, 0.5, 15.5, 15.5 ], "texture": "#planks", "cullface": "north" }
			}
		},
		{
			"__comment": "MiddleE",
			"from": [ 0.5, 7, 0.5 ],
			"to": [ 15.5, 9, 15.5 ],
			"faces": {
				"down": { "uv": [ 0.5, 0.5, 15.5, 15.5 ], "texture": "#planks", "cullface": "east" },
				"up": { "uv": [ 0.5, 0.5, 15.5, 15.5 ], "texture": "#planks", "cullface": "east" }
			}
		},
		{
			"__comment": "MiddleS",
			"from": [ 0.5, 7, 0.5 ],
			"to": [ 15.5, 9, 15.5 ],
			"faces": {
				"down": { "uv": [ 0.5, 0.5, 15.5, 15.5 ], "texture": "#planks", "cullface": "south" },
				"up": { "uv": [ 0.5, 0.5, 15.5, 15.5 ], "texture": "#planks", "cullface": "south" }
			}
		},
		{
			"__comment": "MiddleW",
			"from": [ 0.5, 7, 0.5 ],
			"to": [ 15.5, 9, 15.5 ],
			"faces": {
				"down": { "uv": [ 0.5, 0.5, 15.5, 15.5 ], "texture": "#planks", "cullface": "west" },
				"up": { "uv": [ 0.5, 0.5, 15.5, 15.5 ], "texture": "#planks", "cullface": "west" }
			}
		},
		{
			"__comment": "TopN",
			"from": [ 0, 15, 0 ],
			"to": [ 16, 16, 16 ],
			"faces": {
				"down": { "uv": [ 0, 0, 16, 16 ], "texture": "#planks", "cullface": "north" }
			}
		},
		{
			"__comment": "TopE",
			"from": [ 0, 15, 0 ],
			"to": [ 16, 16, 16 ],
			"faces": {
				"down": { "uv": [ 0, 0, 16, 16 ], "texture": "#planks", "cullface": "east" }
			}
		},
		{
			"__comment": "TopS",
			"from": [ 0, 15, 0 ],
			"to": [ 16, 16, 16 ],
			"faces": {
				"down": { "uv": [ 0, 0, 16, 16 ], "texture": "#planks", "cullface": "south" }
			}
		},
		{
			"__comment": "TopW",
			"from": [ 0, 15, 0 ],
			"to": [ 16, 16, 16 ],
			"faces": {
				"down": { "uv": [ 0, 0, 16, 16 ], "texture": "#planks", "cullface": "west" }
			}
		},
		{
			"__comment": "Book S 01",
			"from": [ 2, 9, 14.5 ],
			"to": [ 7, 14.5, 15.5 ],
			"rotation": { "origin": [ 2, 9, 14.5 ], "axis": "y", "angle": 45 },
			"faces": {
				"up": { "uv": [ 0, 6, 3, 7 ], "texture": "#books", "cullface": "south" },
				"south": { "uv": [ 7, 3, 8, 6 ], "texture": "#books", "cullface": "south" },
				"west": { "uv": [ 7, 3, 8, 6 ], "texture": "#books", "cullface": "south" },
				"east": { "uv": [ 1, 8, 1.5, 9 ], "texture": "#books", "cullface": "south", "rotation": 270 }
			}
		},
		{
			"__comment": "Book S 02",
			"from": [ 3.75, 9, 14.5 ],
			"to": [ 9.125, 14.5, 16 ],
			"rotation": { "origin": [ 3.75, 9, 14.5 ], "axis": "y", "angle": 45 },
			"faces": {
				"up": { "uv": [ 6, 6, 3, 7 ], "texture": "#books", "cullface": "south" },
				"north": { "uv": [ 1, 0, 2, 3 ], "texture": "#books", "cullface": "south" },
				"south": { "uv": [ 1, 0, 2, 3 ], "texture": "#books", "cullface": "south" },
				"west": { "uv": [ 4.5, 6, 5, 7 ], "texture": "#books", "cullface": "south", "rotation": 270 },
				"east": { "uv": [ 1, 0, 2, 3 ], "texture": "#books", "cullface": "south" }
			}
		},
		{
			"__comment": "Book S 03",
			"from": [ 6.375, 9, 14.5 ],
			"to": [ 10.875, 14, 15.5 ],
			"rotation": { "origin": [ 6.375, 9, 14.5 ], "axis": "y", "angle": 45 },
			"faces": {
				"up": { "uv": [ 0, 10, 3, 11 ], "texture": "#books", "cullface": "south" },
				"north": { "uv": [ 2, 3, 3, 6 ], "texture": "#books", "cullface": "south" },
				"south": { "uv": [ 2, 3, 3, 6 ], "texture": "#books", "cullface": "south" },
				"west": { "uv": [ 2, 3, 3, 6 ], "texture": "#books", "cullface": "south" }
			}
		},
		{
			"__comment": "Book S 04",
			"from": [ 11.125, 9, 11.5 ],
			"to": [ 15.25, 14.5, 13.125 ],
			"rotation": { "origin": [ 11.125, 9, 11.5 ], "axis": "y", "angle": -45 },
			"faces": {
				"up": { "uv": [ 6, 8, 3, 9 ], "texture": "#books", "cullface": "south", "rotation": 180 },
				"north": { "uv": [ 4, 0, 5, 3 ], "texture": "#books", "cullface": "south" },
				"south": { "uv": [ 4, 0, 5, 3 ], "texture": "#books", "cullface": "south" },
				"west": { "uv": [ 4, 0, 5, 3 ], "texture": "#books", "cullface": "south" },
				"east": { "uv": [ 4.5, 8, 5, 9 ], "texture": "#books", "cullface": "south", "rotation": 270 }
			}
		},
		{
			"__comment": "Book S 05",
			"from": [ 4.5, 1, 12 ],
			"to": [ 11, 2, 15.5 ],
			"faces": {
				"up": { "uv": [ 0, 3, 1, 6 ], "texture": "#books", "cullface": "south", "rotation": 90 },
				"south": { "uv": [ 0, 3, 1, 6 ], "texture": "#books", "cullface": "south", "rotation": 90 },
				"west": { "uv": [ 6, 9, 3, 10 ], "texture": "#books", "cullface": "south" },
				"east": { "uv": [ 3, 9, 6, 10 ], "texture": "#books", "cullface": "south" }
			}
		},
		{
			"__comment": "Book S 06",
			"from": [ 6, 2, 10.4688 ],
			"to": [ 12, 3, 13.9688 ],
			"rotation": { "origin": [ 6, 2, 10.46875 ], "axis": "y", "angle": -22.5 },
			"faces": {
				"down": { "uv": [ 6, 0, 7, 3 ], "texture": "#books", "cullface": "south", "rotation": 90 },
				"south": { "uv": [ 1, 7, 2, 8 ], "texture": "#books", "cullface": "south" },
				"west": { "uv": [ 0, 7, 3, 8 ], "texture": "#books", "cullface": "south" },
				"east": { "uv": [ 0, 8, 3, 7 ], "texture": "#books", "cullface": "south", "rotation": 180 }
			}
		},
		{
			"__comment": "Book S 07",
			"from": [ 4.4688, 3, 12 ],
			"to": [ 11.5938, 4, 16 ],
			"faces": {
				"down": { "uv": [ 3, 3, 4, 6 ], "texture": "#books", "cullface": "south", "rotation": 90 },
				"up": { "uv": [ 3, 3, 4, 6 ], "texture": "#books", "cullface": "south", "rotation": 90 },
				"south": { "uv": [ 3, 3, 4, 6 ], "texture": "#books", "cullface": "south", "rotation": 90 },
				"west": { "uv": [ 3, 9, 0, 10 ], "texture": "#books", "cullface": "south" },
				"east": { "uv": [ 0, 9, 3, 10 ], "texture": "#books", "cullface": "south" }
			}
		},
		{
			"__comment": "Book S 08",
			"from": [ 5.5, 4, 13.5 ],
			"to": [ 9, 4.5, 16 ],
			"rotation": { "origin": [ 5.5, 4, 13.5 ], "axis": "y", "angle": 45 },
			"faces": {
				"up": { "uv": [ 8, 3, 9, 6 ], "texture": "#books", "cullface": "south", "rotation": 90 },
				"north": { "uv": [ 1, 8, 1.5, 9 ], "texture": "#books", "cullface": "south" },
				"south": { "uv": [ 8, 3, 9, 6 ], "texture": "#books", "cullface": "south", "rotation": 90 },
				"west": { "uv": [ 3, 8, 0, 9 ], "texture": "#books", "cullface": "south" },
				"east": { "uv": [ 0, 8, 3, 9 ], "texture": "#books", "cullface": "south" }
			}
		},
		{
			"__comment": "Book E 01",
			"from": [ 11.625, 9, 5.5 ],
			"to": [ 15.625, 14.5, 7 ],
			"rotation": { "origin": [ 11.625, 9, 5.5 ], "axis": "y", "angle": 45 },
			"faces": {
				"up": { "uv": [ 0, 7, 3, 8 ], "texture": "#books", "cullface": "east", "rotation": 180 },
				"north": { "uv": [ 6, 0, 7, 3 ], "texture": "#books", "cullface": "east" },
				"south": { "uv": [ 6, 0, 7, 3 ], "texture": "#books", "cullface": "east" },
				"east": { "uv": [ 6, 0, 7, 3 ], "texture": "#books", "cullface": "east" }
			}
		},
		{
			"__comment": "Book E 02",
			"from": [ 11.125, 9, 8.375 ],
			"to": [ 15.375, 14, 9.5 ],
			"rotation": { "origin": [ 11.125, 9, 8.375 ], "axis": "y", "angle": 45 },
			"faces": {
				"up": { "uv": [ 3, 9, 6, 10 ], "texture": "#books", "cullface": "east", "rotation": 180 },
				"north": { "uv": [ 5, 0, 6, 3 ], "texture": "#books", "cullface": "east" },
				"south": { "uv": [ 5, 0, 6, 3 ], "texture": "#books", "cullface": "east" },
				"east": { "uv": [ 5, 0, 6, 3 ], "texture": "#books", "cullface": "east" }
			}
		},
		{
			"__comment": "Book E 03",
			"from": [ 11.25, 9, 10.125 ],
			"to": [ 16, 14.875, 11 ],
			"rotation": { "origin": [ 11.25, 9, 10.125 ], "axis": "y", "angle": 45 },
			"faces": {
				"up": { "uv": [ 3, 6, 6, 7 ], "texture": "#books", "cullface": "east", "rotation": 180 },
				"north": { "uv": [ 7, 0, 8, 3 ], "texture": "#books", "cullface": "east" },
				"south": { "uv": [ 7, 0, 8, 3 ], "texture": "#books", "cullface": "east" },
				"east": { "uv": [ 7, 0, 8, 3 ], "texture": "#books", "cullface": "east" }
			}
		},
		{
			"__comment": "Book E 04",
			"from": [ 13, 9, 10.5 ],
			"to": [ 16.375, 14.5, 11.75 ],
			"rotation": { "origin": [ 13, 9, 10.5 ], "axis": "y", "angle": -45 },
			"faces": {
				"up": { "uv": [ 3, 8, 6, 9 ], "texture": "#books", "cullface": "east", "rotation": 180 },
				"north": { "uv": [ 8, 0, 9, 3 ], "texture": "#books", "cullface": "east" },
				"west": { "uv": [ 4, 8, 4.5, 9 ], "texture": "#books", "cullface": "east", "rotation": 270 },
				"east": { "uv": [ 8, 0, 9, 3 ], "texture": "#books", "cullface": "east" }
			}
		},
		{
			"__comment": "Book E 05",
			"from": [ 12, 1, 4.5 ],
			"to": [ 16, 6, 6 ],
			"rotation": { "origin": [ 12, 1, 4.5 ], "axis": "y", "angle": 45 },
			"faces": {
				"up": { "uv": [ 3, 6, 6, 7 ], "texture": "#books", "cullface": "east", "rotation": 180 },
				"north": { "uv": [ 1, 3, 2, 6 ], "texture": "#books", "cullface": "east" },
				"south": { "uv": [ 1, 3, 2, 6 ], "texture": "#books", "cullface": "east" },
				"east": { "uv": [ 1, 3, 2, 6 ], "texture": "#books", "cullface": "east" }
			}
		},
		{
			"__comment": "Book E 06",
			"from": [ 12, 1, 7.5 ],
			"to": [ 16.25, 6.5, 8.625 ],
			"rotation": { "origin": [ 12, 1, 7.5 ], "axis": "y", "angle": 45 },
			"faces": {
				"up": { "uv": [ 0, 8, 3, 9 ], "texture": "#books", "cullface": "east", "rotation": 180 },
				"north": { "uv": [ 8, 3, 9, 6 ], "texture": "#books", "cullface": "east" },
				"south": { "uv": [ 8, 3, 9, 6 ], "texture": "#books", "cullface": "east" },
				"west": { "uv": [ 1, 8, 1.5, 9 ], "texture": "#books", "cullface": "east", "rotation": 270 },
				"east": { "uv": [ 8, 3, 9, 6 ], "texture": "#books", "cullface": "east" }
			}
		},
		{
			"__comment": "Book E 07",
			"from": [ 11.875, 1, 8.125 ],
			"to": [ 16.125, 6, 9.125 ],
			"rotation": { "origin": [ 11.875, 1, 8.125 ], "axis": "y", "angle": -22.5 },
			"faces": {
				"up": { "uv": [ 3, 7, 6, 8 ], "texture": "#books", "cullface": "east", "rotation": 180 },
				"north": { "uv": [ 3, 0, 4, 3 ], "texture": "#books", "cullface": "east" },
				"south": { "uv": [ 3, 0, 4, 3 ], "texture": "#books", "cullface": "east" },
				"east": { "uv": [ 3, 0, 4, 3 ], "texture": "#books", "cullface": "east" }
			}
		},
		{
			"__comment": "Book E 08",
			"from": [ 13.5, 1, 10 ],
			"to": [ 16.875, 6.5, 11.25 ],
			"rotation": { "origin": [ 13.5, 1, 10 ], "axis": "y", "angle": -45 },
			"faces": {
				"up": { "uv": [ 0, 11, 3, 12 ], "texture": "#books", "cullface": "east", "rotation": 180 },
				"north": { "uv": [ 4, 3, 5, 6 ], "texture": "#books", "cullface": "east" },
				"south": { "uv": [ 4, 3, 5, 6 ], "texture": "#books", "cullface": "east" },
				"west": { "uv": [ 2, 11, 2.5, 12 ], "texture": "#books", "cullface": "east", "rotation": 270 },
				"east": { "uv": [ 4, 3, 5, 6 ], "texture": "#books", "cullface": "east" }
			}
		},
		{
			"__comment": "Book N 01",
			"from": [ 4.75, 1, 0.5 ],
			"to": [ 11.25, 2, 4 ],
			"faces": {
				"up": { "uv": [ 4, 0, 5, 3 ], "texture": "#books", "cullface": "north", "rotation": 90 },
				"north": { "uv": [ 4, 0, 5, 3 ], "texture": "#books", "cullface": "north", "rotation": 90 },
				"west": { "uv": [ 3, 8, 6, 9 ], "texture": "#books", "cullface": "north" },
				"east": { "uv": [ 6, 8, 3, 9 ], "texture": "#books", "cullface": "north" }
			}
		},
		{
			"__comment": "Book N 02",
			"from": [ 5.875, 2, 0.125 ],
			"to": [ 11.875, 3, 3.625 ],
			"rotation": { "origin": [ 5.875, 2, 0.125 ], "axis": "y", "angle": -22.5 },
			"faces": {
				"down": { "uv": [ 9.875, 11, 14.875, 12 ], "texture": "#books", "cullface": "north" },
				"north": { "uv": [ 5, 0, 6, 3 ], "texture": "#books", "cullface": "north", "rotation": 90 },
				"west": { "uv": [ 3, 9, 6, 10 ], "texture": "#books", "cullface": "north" },
				"east": { "uv": [ 6, 9, 3, 10 ], "texture": "#books", "cullface": "north" }
			}
		},
		{
			"__comment": "Book N 03",
			"from": [ 4.5, 3, 0 ],
			"to": [ 11.625, 4, 4 ],
			"faces": {
				"down": { "uv": [ 6, 0, 7, 3 ], "texture": "#books", "cullface": "north", "rotation": 90 },
				"up": { "uv": [ 6, 0, 7, 3 ], "texture": "#books", "cullface": "north", "rotation": 90 },
				"north": { "uv": [ 6, 0, 7, 3 ], "texture": "#books", "cullface": "north", "rotation": 90 },
				"west": { "uv": [ 0, 7, 3, 8 ], "texture": "#books", "cullface": "north" },
				"east": { "uv": [ 3, 7, 0, 8 ], "texture": "#books", "cullface": "north" }
			}
		},
		{
			"__comment": "Book N 04",
			"from": [ 5.75, 4, 2.625 ],
			"to": [ 9.25, 4.5, 5.125 ],
			"rotation": { "origin": [ 5.75, 4, 2.625 ], "axis": "y", "angle": 45 },
			"faces": {
				"up": { "uv": [ 7, 0, 8, 3 ], "texture": "#books", "cullface": "north", "rotation": 90 },
				"north": { "uv": [ 7, 0, 8, 3 ], "texture": "#books", "cullface": "north", "rotation": 90 },
				"south": { "uv": [ 4.5, 6, 5, 7 ], "texture": "#books", "cullface": "north" },
				"west": { "uv": [ 3, 6, 6, 7 ], "texture": "#books", "cullface": "north" },
				"east": { "uv": [ 6, 6, 3, 7 ], "texture": "#books", "cullface": "north" }
			}
		},
		{
			"__comment": "Book N 05",
			"from": [ 10, 9, 4 ],
			"to": [ 15, 14.5, 5 ],
			"rotation": { "origin": [ 10, 9, 4 ], "axis": "y", "angle": 45 },
			"faces": {
				"up": { "uv": [ 0, 6, 3, 7 ], "texture": "#books", "cullface": "north", "rotation": 180 },
				"north": { "uv": [ 0, 0, 1, 3 ], "texture": "#books", "cullface": "north" },
				"south": { "uv": [ 0, 0, 1, 3 ], "texture": "#books", "cullface": "north" },
				"west": { "uv": [ 1.5, 6, 2, 7 ], "texture": "#books", "cullface": "north", "rotation": 270 },
				"east": { "uv": [ 0, 0, 1, 3 ], "texture": "#books", "cullface": "north" }
			}
		},
		{
			"__comment": "Book N 06",
			"from": [ 7.5, 9, 4.25 ],
			"to": [ 12.875, 14.5, 5.75 ],
			"rotation": { "origin": [ 7.5, 9, 4.25 ], "axis": "y", "angle": 45 },
			"faces": {
				"up": { "uv": [ 3, 6, 6, 7 ], "texture": "#books", "cullface": "north", "rotation": 180 },
				"north": { "uv": [ 1, 0, 2, 3 ], "texture": "#books", "cullface": "north" },
				"south": { "uv": [ 1, 0, 2, 3 ], "texture": "#books", "cullface": "north" },
				"west": { "uv": [ 4.5, 6, 5, 7 ], "texture": "#books", "cullface": "north", "rotation": 270 },
				"east": { "uv": [ 1, 0, 2, 3 ], "texture": "#books", "cullface": "north" }
			}
		},
		{
			"__comment": "Book N 07",
			"from": [ 6.125, 9, 3.75 ],
			"to": [ 10.625, 14, 4.75 ],
			"rotation": { "origin": [ 6.125, 9, 3.75 ], "axis": "y", "angle": 45 },
			"faces": {
				"up": { "uv": [ 0, 11, 3, 12 ], "texture": "#books", "cullface": "north", "rotation": 180 },
				"north": { "uv": [ 2, 0, 3, 3 ], "texture": "#books", "cullface": "north" },
				"south": { "uv": [ 2, 0, 3, 3 ], "texture": "#books", "cullface": "north" },
				"east": { "uv": [ 2, 0, 3, 3 ], "texture": "#books", "cullface": "north" }
			}
		},
		{
			"__comment": "Book N 08",
			"from": [ 3.375, 9, 0.375 ],
			"to": [ 7.5, 14.5, 2 ],
			"rotation": { "origin": [ 3.375, 9, 0.375 ], "axis": "y", "angle": -45 },
			"faces": {
				"up": { "uv": [ 6, 7, 3, 8 ], "texture": "#books", "cullface": "north" },
				"north": { "uv": [ 3, 0, 4, 3 ], "texture": "#books", "cullface": "north" },
				"south": { "uv": [ 3, 0, 4, 3 ], "texture": "#books", "cullface": "north" },
				"west": { "uv": [ 4, 7, 4.5, 8 ], "texture": "#books", "cullface": "north", "rotation": 270 },
				"east": { "uv": [ 3, 0, 4, 3 ], "texture": "#books", "cullface": "north" }
			}
		},
		{
			"__comment": "Book W 01",
			"from": [ 0.25, 9, 12.625 ],
			"to": [ 4.25, 14.5, 14.125 ],
			"rotation": { "origin": [ 0.25, 9, 12.625 ], "axis": "y", "angle": 45 },
			"faces": {
				"up": { "uv": [ 0, 10, 3, 11 ], "texture": "#books", "cullface": "west" },
				"north": { "uv": [ 2, 3, 3, 6 ], "texture": "#books", "cullface": "west" },
				"south": { "uv": [ 2, 3, 3, 6 ], "texture": "#books", "cullface": "west" },
				"west": { "uv": [ 2, 3, 3, 6 ], "texture": "#books", "cullface": "west" }
			}
		},
		{
			"__comment": "Book W 02",
			"from": [ 0.375, 9, 10.5 ],
			"to": [ 4.625, 14, 11.625 ],
			"rotation": { "origin": [ 0.375, 9, 10.5 ], "axis": "y", "angle": 45 },
			"faces": {
				"up": { "uv": [ 3, 6, 6, 7 ], "texture": "#books", "cullface": "west" },
				"north": { "uv": [ 1, 3, 2, 6 ], "texture": "#books", "cullface": "west" },
				"south": { "uv": [ 1, 3, 2, 6 ], "texture": "#books", "cullface": "west" },
				"west": { "uv": [ 1, 3, 2, 6 ], "texture": "#books", "cullface": "west" }
			}
		},
		{
			"__comment": "Book W 03",
			"from": [ 0.25, 9, 7.375 ],
			"to": [ 4.625, 14.875, 8.25 ],
			"rotation": { "origin": [ 0.25, 9, 7.375 ], "axis": "y", "angle": 22.5 },
			"faces": {
				"up": { "uv": [ 3, 9, 6, 10 ], "texture": "#books", "cullface": "west" },
				"north": { "uv": [ 0, 3, 1, 6 ], "texture": "#books", "cullface": "west" },
				"south": { "uv": [ 0, 3, 1, 6 ], "texture": "#books", "cullface": "west" },
				"west": { "uv": [ 0, 3, 1, 6 ], "texture": "#books", "cullface": "west" }
			}
		},
		{
			"__comment": "Book W 04",
			"from": [ 1.125, 9, 2.375 ],
			"to": [ 4.5, 14.5, 3.625 ],
			"rotation": { "origin": [ 1.125, 9, 2.375 ], "axis": "y", "angle": -45 },
			"faces": {
				"up": { "uv": [ 3, 8, 6, 9 ], "texture": "#books", "cullface": "west" },
				"north": { "uv": [ 8, 0, 9, 3 ], "texture": "#books", "cullface": "west" },
				"south": { "uv": [ 8, 0, 9, 3 ], "texture": "#books", "cullface": "west" },
				"west": { "uv": [ 8, 0, 9, 3 ], "texture": "#books", "cullface": "west" },
				"east": { "uv": [ 4, 8, 4.5, 9 ], "texture": "#books", "cullface": "west", "rotation": 270 }
			}
		},
		{
			"__comment": "Book W 05",
			"from": [ 0.25, 1, 12.625 ],
			"to": [ 4.25, 6, 14.125 ],
			"rotation": { "origin": [ 0.25, 1, 12.625 ], "axis": "y", "angle": 45 },
			"faces": {
				"up": { "uv": [ 0, 9, 3, 10 ], "texture": "#books", "cullface": "west" },
				"north": { "uv": [ 6, 3, 7, 6 ], "texture": "#books", "cullface": "west" },
				"south": { "uv": [ 6, 3, 7, 6 ], "texture": "#books", "cullface": "west" },
				"west": { "uv": [ 6, 3, 7, 6 ], "texture": "#books", "cullface": "west" }
			}
		},
		{
			"__comment": "Book W 06",
			"from": [ 0.25, 1, 10.25 ],
			"to": [ 4.5, 6.5, 11.375 ],
			"rotation": { "origin": [ 0.25, 1, 10.25 ], "axis": "y", "angle": 45 },
			"faces": {
				"up": { "uv": [ 3, 7, 6, 8 ], "texture": "#books", "cullface": "west" },
				"north": { "uv": [ 5, 3, 6, 6 ], "texture": "#books", "cullface": "west" },
				"south": { "uv": [ 5, 3, 6, 6 ], "texture": "#books", "cullface": "west" },
				"west": { "uv": [ 5, 3, 6, 6 ], "texture": "#books", "cullface": "west" },
				"east": { "uv": [ 4, 7, 4.5, 8 ], "texture": "#books", "cullface": "west", "rotation": 270 }
			}
		},
		{
			"__comment": "Book W 07",
			"from": [ 0.75, 1, 4.875 ],
			"to": [ 5, 6, 5.875 ],
			"rotation": { "origin": [ 0.75, 1, 4.875 ], "axis": "y", "angle": -22.5 },
			"faces": {
				"up": { "uv": [ 0, 11, 3, 12 ], "texture": "#books", "cullface": "west" },
				"north": { "uv": [ 4, 3, 5, 6 ], "texture": "#books", "cullface": "west" },
				"south": { "uv": [ 4, 3, 5, 6 ], "texture": "#books", "cullface": "west" },
				"west": { "uv": [ 4, 3, 5, 6 ], "texture": "#books", "cullface": "west" }
			}
		},
		{
			"__comment": "Book W 08",
			"from": [ 1, 1, 1.875 ],
			"to": [ 4.375, 6.5, 3.125 ],
			"rotation": { "origin": [ 1, 1, 1.875 ], "axis": "y", "angle": -45 },
			"faces": {
				"up": { "uv": [ 3, 11, 6, 12 ], "texture": "#books", "cullface": "west" },
				"north": { "uv": [ 3, 3, 4, 6 ], "texture": "#books", "cullface": "west" },
				"south": { "uv": [ 3, 3, 4, 6 ], "texture": "#books", "cullface": "west" },
				"west": { "uv": [ 3, 3, 4, 6 ], "texture": "#books", "cullface": "west" },
				"east": { "uv": [ 4, 11, 4.5, 12 ], "texture": "#books", "cullface": "west", "rotation": 270 }
			}
		}
	]
}