{
    "parent": "block/detector_rail_flat",
    "display": {
        "thirdperson_righthand": {
            "rotation": [ 75, 45, 0 ],
            "translation": [ 0, 2.5, 2],
            "scale": [ 0.375, 0.375, 0.375 ]
        },
        "firstperson_righthand": {
            "rotation": [ 0, 45, 0 ],
            "translation": [ 0, 4.2, 0 ],
            "scale": [ 0.40, 0.40, 0.40 ]
        },
		"ground": {
			"rotation": [ 0, 0, 0 ],
			"translation": [ 0, 3, 0 ],
			"scale": [ 0.25, 0.25, 0.25 ]
		},
		"fixed": {
			"rotation": [ -90, 180, 0 ],
			"translation": [ 0, 0, -5 ],
			"scale": [ 0.68, 0.68, 0.68 ]			
		},
		"gui": {
            "rotation": [ 30, 45, 0 ],
            "translation": [ 0, 3.5, 0 ],
            "scale": [ 0.8, 0.8, 0.8 ]
        }
	}
}
