{
"__comment": "Designed by Sphax with BDcraft Cubik PRO 0.90 Beta - http://bdcraft.net",
"parent": "block/block",
"ambientocclusion": false,
"textures": {
    "texture": "block/3d/spawner"
},
"elements": [ 
{
    "from": [ 0, 14, 0 ],
    "to": [ 16, 16, 2 ],
    "faces": {
        "down":  { "uv": [ 7, 2, 9, 0 ], "texture": "#texture" },
        "up":    { "uv": [ 0, 0, 16, 2 ], "texture": "#texture", "cullface": "up" },
        "north": { "uv": [ 0, 0, 16, 2 ], "texture": "#texture", "cullface": "north" },
        "south": { "uv": [ 0, 0, 16, 2 ], "texture": "#texture" },
        "west":  { "uv": [ 0, 0, 2, 2 ], "texture": "#texture", "cullface": "west" },
        "east":  { "uv": [ 14, 0, 16, 2 ], "texture": "#texture", "cullface": "east" }
    }
},
{
    "from": [ 0, 14, 2 ],
    "to": [ 2, 16, 14 ],
    "faces": {
        "down":  { "uv": [ 0, 2, 2, 4 ], "texture": "#texture" },
        "up":    { "uv": [ 0, 2, 2, 14 ], "texture": "#texture", "cullface": "up" },
        "west":  { "uv": [ 2, 0, 14, 2 ], "texture": "#texture", "cullface": "west" },
        "east":  { "uv": [ 2, 0, 14, 2 ], "texture": "#texture" }
    }
},
{
    "from": [ 14, 14, 2 ],
    "to": [ 16, 16, 14 ],
    "faces": {
        "down":  { "uv": [ 2, 2, 0, 4 ], "texture": "#texture" },
        "up":    { "uv": [ 14, 2, 16, 14 ], "texture": "#texture", "cullface": "up" },
        "west":  { "uv": [ 2, 0, 14, 2 ], "texture": "#texture" },
        "east":  { "uv": [ 2, 0, 14, 2 ], "texture": "#texture", "cullface": "east" }
    }
},
{
    "from": [ 0, 14, 14 ],
    "to": [ 16, 16, 16 ],
    "faces": {
        "down":  { "uv": [ 7, 14, 9, 16 ], "texture": "#texture" },
        "up":    { "uv": [ 0, 14, 16, 16 ], "texture": "#texture", "cullface": "up" },
        "north": { "uv": [ 0, 0, 16, 2 ], "texture": "#texture" },
        "south": { "uv": [ 0, 0, 16, 2 ], "texture": "#texture", "cullface": "south" },
        "west":  { "uv": [ 14, 0, 16, 2 ], "texture": "#texture", "cullface": "west" },
        "east":  { "uv": [ 0, 0, 2, 2 ], "texture": "#texture", "cullface": "east" }
    }
},
{
    "from": [ 0, 2, 14 ],
    "to": [ 2, 14, 16 ],
    "faces": {
        "north": { "uv": [ 2, 2, 0, 4 ], "texture": "#texture" },
        "south": { "uv": [ 0, 2, 2, 14 ], "texture": "#texture", "cullface": "south" },
        "west":  { "uv": [ 14, 2, 16, 14 ], "texture": "#texture", "cullface": "west" },
        "east":  { "uv": [ 0, 2, 2, 4 ], "texture": "#texture" }
    }
},
{
    "from": [ 0, 2, 0 ],
    "to": [ 2, 14, 2 ],
    "faces": {
        "north": { "uv": [ 14, 2, 16, 14 ], "texture": "#texture", "cullface": "north" },
        "south": { "uv": [ 0, 2, 2, 4 ], "texture": "#texture" },
        "west":  { "uv": [ 0, 2, 2, 14 ], "texture": "#texture", "cullface": "west" },
        "east":  { "uv": [ 16, 7, 14, 9 ], "texture": "#texture" }
    }
},
{
    "from": [ 14, 2, 0 ],
    "to": [ 16, 14, 2 ],
    "faces": {
        "north": { "uv": [ 0, 2, 2, 14 ], "texture": "#texture", "cullface": "north" },
        "south": { "uv": [ 2, 7, 0, 9 ], "texture": "#texture" },
        "west":  { "uv": [ 0, 2, 2, 4 ], "texture": "#texture" },
        "east":  { "uv": [ 14, 2, 16, 14 ], "texture": "#texture", "cullface": "east" }
    }
},
{
    "from": [ 14, 2, 14 ],
    "to": [ 16, 14, 16 ],
    "faces": {
        "north": { "uv": [ 0, 2, 2, 4 ], "texture": "#texture" },
        "south": { "uv": [ 14, 2, 16, 14 ], "texture": "#texture", "cullface": "south" },
        "west":  { "uv": [ 16, 7, 14, 9 ], "texture": "#texture" },
        "east":  { "uv": [ 0, 2, 2, 14 ], "texture": "#texture", "cullface": "east" }
    }
},
{
    "from": [ 0, 0, 14 ],
    "to": [ 16, 2, 16 ],
    "faces": {
        "down":  { "uv": [ 16, 16, 0, 14 ], "texture": "#texture", "cullface": "down" },
        "up":    { "uv": [ 7, 16, 9, 14 ], "texture": "#texture" },
        "north": { "uv": [ 0, 14, 16, 16 ], "texture": "#texture" },
        "south": { "uv": [ 0, 14, 16, 16 ], "texture": "#texture", "cullface": "south" },
        "west":  { "uv": [ 14, 14, 16, 16 ], "texture": "#texture", "cullface": "west" },
        "east":  { "uv": [ 0, 14, 2, 16 ], "texture": "#texture", "cullface": "east" }
    }
},
{
    "from": [ 0, 0, 0 ],
    "to": [ 16, 2, 2 ],
    "faces": {
        "down":  { "uv": [ 16, 2, 0, 0 ], "texture": "#texture", "cullface": "down" },
        "up":    { "uv": [ 7, 0, 9, 2 ], "texture": "#texture" },
        "north": { "uv": [ 0, 14, 16, 16 ], "texture": "#texture", "cullface": "north" },
        "south": { "uv": [ 0, 14, 16, 16 ], "texture": "#texture" },
        "west":  { "uv": [ 0, 14, 2, 16 ], "texture": "#texture", "cullface": "west" },
        "east":  { "uv": [ 14, 14, 16, 16 ], "texture": "#texture", "cullface": "east" }
    }
},
{
    "from": [ 0, 0, 2 ],
    "to": [ 2, 2, 14 ],
    "faces": {
        "down":  { "uv": [ 16, 14, 14, 2 ], "texture": "#texture", "cullface": "down" },
        "up":    { "uv": [ 0, 2, 2, 4 ], "texture": "#texture" },
        "west":  { "uv": [ 2, 14, 14, 16 ], "texture": "#texture", "cullface": "west" },
        "east":  { "uv": [ 2, 14, 14, 16 ], "texture": "#texture" }
    }
},
{
    "from": [ 14, 0, 2 ],
    "to": [ 16, 2, 14 ],
    "faces": {
        "down":  { "uv": [ 2, 14, 0, 2 ], "texture": "#texture", "cullface": "down" },
        "up":    { "uv": [ 16, 7, 14, 9 ], "texture": "#texture" },
        "west":  { "uv": [ 2, 14, 14, 16 ], "texture": "#texture" },
        "east":  { "uv": [ 2, 14, 14, 16 ], "texture": "#texture", "cullface": "east" }
    }
},
{
    "from": [ 2, 10, 14 ],
    "to": [ 14, 11, 15 ],
    "faces": {
        "down":  { "uv": [ 14, 14, 2, 13 ], "texture": "#texture" },
        "up":    { "uv": [ 2, 13, 14, 14 ], "texture": "#texture" },
        "north": { "uv": [ 2, 13, 14, 14 ], "texture": "#texture" },
        "south": { "uv": [ 2, 2, 14, 3 ], "texture": "#texture" }
    }
},
{
    "from": [ 7.5, 2, 14.5 ],
    "to": [ 8.5, 14, 15.5 ],
    "faces": {
        "north": { "uv": [ 2, 11, 14, 12 ], "rotation": 90, "texture": "#texture" },
        "south": { "uv": [ 2, 13, 14, 14 ], "rotation": 270, "texture": "#texture" },
        "west":  { "uv": [ 2, 11, 14, 12 ], "rotation": 270, "texture": "#texture" },
        "east":  { "uv": [ 2, 11, 14, 12 ], "rotation": 270, "texture": "#texture" }
    }
},
{
    "from": [ 2, 5, 14 ],
    "to": [ 14, 6, 15 ],
    "faces": {
        "down":  { "uv": [ 14, 14, 2, 13 ], "texture": "#texture" },
        "up":    { "uv": [ 2, 13, 14, 14 ], "texture": "#texture" },
        "north": { "uv": [ 2, 13, 14, 14 ], "texture": "#texture" },
        "south": { "uv": [ 2, 2, 14, 3 ], "texture": "#texture" }
    }
},
{
    "from": [ 1, 10, 2 ],
    "to": [ 2, 11, 14 ],
    "faces": {
        "down":  { "uv": [ 14, 14, 2, 13 ], "rotation": 270, "texture": "#texture" },
        "up":    { "uv": [ 2, 13, 14, 14 ], "rotation": 90, "texture": "#texture" },
        "west":  { "uv": [ 2, 2, 14, 3 ], "texture": "#texture" },
        "east":  { "uv": [ 2, 13, 14, 14 ], "texture": "#texture" }
    }
},
{
    "from": [ 0.5, 2, 7.5 ],
    "to": [ 1.5, 14, 8.5 ],
    "faces": {
        "north": { "uv": [ 2, 11, 14, 12 ], "rotation": 270, "texture": "#texture" },
        "south": { "uv": [ 2, 11, 14, 12 ], "rotation": 270, "texture": "#texture" },
        "west":  { "uv": [ 2, 13, 14, 14 ], "rotation": 270, "texture": "#texture" },
        "east":  { "uv": [ 2, 11, 14, 12 ], "rotation": 90, "texture": "#texture" }
    }
},
{
    "from": [ 1, 5, 2 ],
    "to": [ 2, 6, 14 ],
    "faces": {
        "down":  { "uv": [ 14, 14, 2, 13 ], "rotation": 270, "texture": "#texture" },
        "up":    { "uv": [ 2, 13, 14, 14 ], "rotation": 90, "texture": "#texture" },
        "west":  { "uv": [ 2, 2, 14, 3 ], "texture": "#texture" },
        "east":  { "uv": [ 2, 13, 14, 14 ], "texture": "#texture" }
    }
},
{
    "from": [ 2, 10, 1 ],
    "to": [ 14, 11, 2 ],
    "faces": {
        "down":  { "uv": [ 14, 14, 2, 13 ], "rotation": 180, "texture": "#texture" },
        "up":    { "uv": [ 2, 13, 14, 14 ], "rotation": 180, "texture": "#texture" },
        "north": { "uv": [ 2, 2, 14, 3 ], "texture": "#texture" },
        "south": { "uv": [ 2, 13, 14, 14 ], "texture": "#texture" }
    }
},
{
    "from": [ 7.5, 2, 0.5 ],
    "to": [ 8.5, 14, 1.5 ],
    "faces": {
        "north": { "uv": [ 2, 13, 14, 14 ], "rotation": 270, "texture": "#texture" },
        "south": { "uv": [ 2, 11, 14, 12 ], "rotation": 90, "texture": "#texture" },
        "west":  { "uv": [ 2, 11, 14, 12 ], "rotation": 270, "texture": "#texture" },
        "east":  { "uv": [ 2, 11, 14, 12 ], "rotation": 270, "texture": "#texture" }
    }
},
{
    "from": [ 2, 5, 1 ],
    "to": [ 14, 6, 2 ],
    "faces": {
        "down":  { "uv": [ 14, 14, 2, 13 ], "rotation": 180, "texture": "#texture" },
        "up":    { "uv": [ 2, 13, 14, 14 ], "rotation": 180, "texture": "#texture" },
        "north": { "uv": [ 2, 2, 14, 3 ], "texture": "#texture" },
        "south": { "uv": [ 2, 13, 14, 14 ], "texture": "#texture" }
    }
},
{
    "from": [ 14, 10, 2 ],
    "to": [ 15, 11, 14 ],
    "faces": {
        "down":  { "uv": [ 14, 14, 2, 13 ], "rotation": 90, "texture": "#texture" },
        "up":    { "uv": [ 2, 13, 14, 14 ], "rotation": 270, "texture": "#texture" },
        "west":  { "uv": [ 2, 13, 14, 14 ], "texture": "#texture" },
        "east":  { "uv": [ 2, 2, 14, 3 ], "texture": "#texture" }
    }
},
{
    "from": [ 14.5, 2, 7.5 ],
    "to": [ 15.5, 14, 8.5 ],
    "faces": {
        "north": { "uv": [ 2, 11, 14, 12 ], "rotation": 270, "texture": "#texture" },
        "south": { "uv": [ 2, 11, 14, 12 ], "rotation": 270, "texture": "#texture" },
        "west":  { "uv": [ 2, 11, 14, 12 ], "rotation": 90, "texture": "#texture" },
        "east":  { "uv": [ 2, 13, 14, 14 ], "rotation": 270, "texture": "#texture" }
    }
},
{
    "from": [ 14, 5, 2 ],
    "to": [ 15, 6, 14 ],
    "faces": {
        "down":  { "uv": [ 14, 14, 2, 13 ], "rotation": 90, "texture": "#texture" },
        "up":    { "uv": [ 2, 13, 14, 14 ], "rotation": 270, "texture": "#texture" },
        "west":  { "uv": [ 2, 13, 14, 14 ], "texture": "#texture" },
        "east":  { "uv": [ 2, 2, 14, 3 ], "texture": "#texture" }
    }
},
{
    "from": [ 5, 1, 2 ],
    "to": [ 6, 2, 14 ],
    "faces": {
        "down":  { "uv": [ 2, 2, 14, 3 ], "rotation": 270, "texture": "#texture" },
        "up":    { "uv": [ 2, 13, 14, 14 ], "rotation": 270, "texture": "#texture" },
        "west":  { "uv": [ 2, 13, 14, 14 ], "texture": "#texture" },
        "east":  { "uv": [ 14, 14, 2, 13 ], "rotation": 180, "texture": "#texture" }
    }
},
{
    "from": [ 2, 0.5, 7.5625 ],
    "to": [ 14, 1.5, 8.5625 ],
    "faces": {
        "down":  { "uv": [ 2, 13, 14, 14 ], "rotation": 180, "texture": "#texture" },
        "up":    { "uv": [ 2, 11, 14, 12 ], "texture": "#texture" },
        "north": { "uv": [ 2, 11, 14, 12 ], "texture": "#texture" },
        "south": { "uv": [ 2, 11, 14, 12 ], "rotation": 180, "texture": "#texture" }
    }
},
{
    "from": [ 9.9375, 1, 2 ],
    "to": [ 10.9375, 2, 14 ],
    "faces": {
        "down":  { "uv": [ 2, 2, 14, 3 ], "rotation": 270, "texture": "#texture" },
        "up":    { "uv": [ 2, 13, 14, 14 ], "rotation": 270, "texture": "#texture" },
        "west":  { "uv": [ 2, 13, 14, 14 ], "texture": "#texture" },
        "east":  { "uv": [ 14, 14, 2, 13 ], "rotation": 180, "texture": "#texture" }
    }
},
{
    "from": [ 5, 14, 2 ],
    "to": [ 6, 15, 14 ],
    "faces": {
        "down":  { "uv": [ 2, 13, 14, 14 ], "rotation": 270, "texture": "#texture" },
        "up":    { "uv": [ 2, 2, 14, 3 ], "rotation": 270, "texture": "#texture" },
        "west":  { "uv": [ 2, 13, 14, 14 ], "rotation": 180, "texture": "#texture" },
        "east":  { "uv": [ 14, 14, 2, 13 ], "texture": "#texture" }
    }
},
{
    "from": [ 2, 14.5, 7.5625 ],
    "to": [ 14, 15.5, 8.5625 ],
    "faces": {
        "down":  { "uv": [ 2, 11, 14, 12 ], "texture": "#texture" },
        "up":    { "uv": [ 2, 13, 14, 14 ], "rotation": 180, "texture": "#texture" },
        "north": { "uv": [ 2, 11, 14, 12 ], "texture": "#texture" },
        "south": { "uv": [ 2, 11, 14, 12 ], "rotation": 180, "texture": "#texture" }
    }
},
{
    "from": [ 9.9375, 14, 2 ],
    "to": [ 10.9375, 15, 14 ],
    "faces": {
        "down":  { "uv": [ 2, 13, 14, 14 ], "rotation": 270, "texture": "#texture" },
        "up":    { "uv": [ 2, 2, 14, 3 ], "rotation": 270, "texture": "#texture" },
        "west":  { "uv": [ 2, 13, 14, 14 ], "rotation": 180, "texture": "#texture" },
        "east":  { "uv": [ 14, 14, 2, 13 ], "texture": "#texture" }
    }
},
{
    "from": [ 4.4375, 3, 15 ],
    "to": [ 9.4375, 8, 16 ],
    "rotation": { "origin": [ 4.4375, 8, 15 ], "axis": "z", "angle": 45 },
    "faces": {
        "down":  { "uv": [ 3.5, 2, 4.5, 3 ], "texture": "#texture" },
        "up":    { "uv": [ 3.5, 3, 4.5, 2 ], "texture": "#texture" },
        "north": { "uv": [ 3, 5, 8, 10 ], "texture": "#texture" },
        "south": { "uv": [ 8, 5, 13, 10 ], "texture": "#texture" },
        "west":  { "uv": [ 3.5, 2, 4.5, 3 ], "rotation": 90, "texture": "#texture" },
        "east":  { "uv": [ 3.5, 2, 4.5, 3 ], "rotation": 270, "texture": "#texture" }
    }
},
{
    "from": [ 8, 6.5625, 0 ],
    "to": [ 13, 11.5625, 1 ],
    "rotation": { "origin": [ 8, 11.5625, 0 ], "axis": "z", "angle": -45 },
    "faces": {
        "down":  { "uv": [ 3.5, 2, 4.5, 3 ], "rotation": 180, "texture": "#texture" },
        "up":    { "uv": [ 3.5, 3, 4.5, 2 ], "rotation": 180, "texture": "#texture" },
        "north": { "uv": [ 8, 5, 13, 10 ], "texture": "#texture" },
        "south": { "uv": [ 3, 5, 8, 10 ], "texture": "#texture" },
        "west":  { "uv": [ 3.5, 2, 4.5, 3 ], "rotation": 270, "texture": "#texture" },
        "east":  { "uv": [ 3.5, 2, 4.5, 3 ], "rotation": 90, "texture": "#texture" }
    }
}
]
}