{
	"__comment": "Designed by Eskimojo14 with Cubik Studio - http://bdcraft.net",
	"parent": "block/block",
	"textures": {
		"particle": "block/3d/observer_front",
		"front": "block/3d/observer_front",
		"back": "block/3d/observer_back",
		"d": "block/3d/_bdc/observer_top_d",
		"l": "block/3d/_bdc/observer_top_l",
		"r": "block/3d/_bdc/observer_top_r",
		"u": "block/3d/_bdc/observer_top_u"
	},
	"elements": [ 	 
		{
			"from": [ 0.5, 0.5, 0.5 ],
			"to": [ 15.5, 15.5, 15.5 ],
			"faces": {
				"down": { "uv": [ 0.5, 0.5, 15.5, 15.5 ], "texture": "#back", "cullface": "down" },
				"up": { "uv": [ 0.5, 0.5, 15.5, 15.5 ], "texture": "#front", "cullface": "up" },
				"north": { "uv": [ 0.5, 0.5, 15.5, 15.5 ], "texture": "#d", "cullface": "north" },
				"south": { "uv": [ 0.5, 0.5, 15.5, 15.5 ], "texture": "#d", "cullface": "south" },
				"west": { "uv": [ 0.5, 0.5, 15.5, 15.5 ], "texture": "#d", "cullface": "west" },
				"east": { "uv": [ 0.5, 0.5, 15.5, 15.5 ], "texture": "#d", "cullface": "east" }
			}
		},
		{
			"from": [ 0, 0, 0 ],
			"to": [ 2, 16, 2 ],
			"faces": {
				"down": { "uv": [ 0, 14, 2, 16 ], "texture": "#front", "cullface": "down" },
				"up": { "uv": [ 0, 0, 2, 2 ], "texture": "#front", "cullface": "up" },
				"north": { "uv": [ 14, 0, 16, 16 ], "texture": "#front", "cullface": "north" },
				"south": { "uv": [ 0, 0, 2, 16 ], "texture": "#front", "cullface": "west" },
				"west": { "uv": [ 0, 0, 2, 16 ], "texture": "#front", "cullface": "west" },
				"east": { "uv": [ 14, 0, 16, 16 ], "texture": "#front", "cullface": "north" }
			}
		},
		{
			"from": [ 0, 0, 14 ],
			"to": [ 2, 16, 16 ],
			"faces": {
				"down": { "uv": [ 0, 0, 2, 2 ], "texture": "#front", "cullface": "down" },
				"up": { "uv": [ 0, 14, 2, 16 ], "texture": "#front", "cullface": "up" },
				"north": { "uv": [ 14, 0, 16, 16 ], "texture": "#front", "cullface": "west" },
				"south": { "uv": [ 0, 0, 2, 16 ], "texture": "#front", "cullface": "south" },
				"west": { "uv": [ 14, 0, 16, 16 ], "texture": "#front", "cullface": "west" },
				"east": { "uv": [ 0, 0, 2, 16 ], "texture": "#front", "cullface": "south" }
			}
		},
		{
			"from": [ 14, 0, 0 ],
			"to": [ 16, 16, 2 ],
			"faces": {
				"down": { "uv": [ 14, 14, 16, 16 ], "texture": "#front", "cullface": "down" },
				"up": { "uv": [ 14, 0, 16, 2 ], "texture": "#front", "cullface": "up" },
				"north": { "uv": [ 0, 0, 2, 16 ], "texture": "#front", "cullface": "north" },
				"south": { "uv": [ 14, 0, 16, 16 ], "texture": "#front", "cullface": "east" },
				"west": { "uv": [ 0, 0, 2, 16 ], "texture": "#front", "cullface": "north" },
				"east": { "uv": [ 14, 0, 16, 16 ], "texture": "#front", "cullface": "east" }
			}
		},
		{
			"from": [ 14, 0, 14 ],
			"to": [ 16, 16, 16 ],
			"faces": {
				"down": { "uv": [ 14, 0, 16, 2 ], "texture": "#front", "cullface": "down" },
				"up": { "uv": [ 14, 14, 16, 16 ], "texture": "#front", "cullface": "up" },
				"north": { "uv": [ 14, 0, 16, 16 ], "texture": "#front", "cullface": "east" },
				"south": { "uv": [ 14, 0, 16, 16 ], "texture": "#front", "cullface": "south" },
				"west": { "uv": [ 14, 0, 16, 16 ], "texture": "#front", "cullface": "south" },
				"east": { "uv": [ 0, 0, 2, 16 ], "texture": "#front", "cullface": "east" }
			}
		},
		{
			"from": [ 0, 0, 2 ],
			"to": [ 2, 2, 14 ],
			"faces": {
				"down": { "uv": [ 0, 2, 2, 14 ], "texture": "#front", "cullface": "down" },
				"up": { "uv": [ 0, 2, 2, 14 ], "texture": "#front", "cullface": "west" },
				"west": { "uv": [ 2, 14, 14, 16 ], "texture": "#front", "cullface": "west" },
				"east": { "uv": [ 2, 14, 14, 16 ], "texture": "#front", "cullface": "down" }
			}
		},
		{
			"from": [ 14, 0, 2 ],
			"to": [ 16, 2, 14 ],
			"faces": {
				"down": { "uv": [ 14, 2, 16, 14 ], "texture": "#front", "cullface": "down" },
				"up": { "uv": [ 14, 2, 16, 14 ], "texture": "#front", "cullface": "east" },
				"west": { "uv": [ 2, 14, 14, 16 ], "texture": "#front", "cullface": "down" },
				"east": { "uv": [ 2, 14, 14, 16 ], "texture": "#front", "cullface": "east" }
			}
		},
		{
			"from": [ 14, 14, 2 ],
			"to": [ 16, 16, 14 ],
			"faces": {
				"down": { "uv": [ 14, 2, 16, 14 ], "texture": "#front", "cullface": "east" },
				"up": { "uv": [ 14, 2, 16, 14 ], "texture": "#front", "cullface": "up" },
				"west": { "uv": [ 2, 0, 14, 2 ], "texture": "#front", "cullface": "up" },
				"east": { "uv": [ 2, 0, 14, 2 ], "texture": "#front", "cullface": "east" }
			}
		},
		{
			"from": [ 0, 14, 2 ],
			"to": [ 2, 16, 14 ],
			"faces": {
				"down": { "uv": [ 0, 2, 2, 14 ], "texture": "#front", "cullface": "west" },
				"up": { "uv": [ 0, 2, 2, 14 ], "texture": "#front", "cullface": "up" },
				"west": { "uv": [ 2, 14, 14, 16 ], "texture": "#front", "cullface": "west" },
				"east": { "uv": [ 2, 14, 14, 16 ], "texture": "#front", "cullface": "up" }
			}
		},
		{
			"from": [ 2, 0, 0 ],
			"to": [ 14, 2, 2 ],
			"faces": {
				"down": { "uv": [ 2, 14, 14, 16 ], "texture": "#front", "cullface": "down" },
				"up": { "uv": [ 2, 0, 14, 2 ], "texture": "#front", "cullface": "north" },
				"north": { "uv": [ 2, 14, 14, 16 ], "texture": "#front", "cullface": "north" },
				"south": { "uv": [ 2, 14, 14, 16 ], "texture": "#front", "cullface": "down" }
			}
		},
		{
			"from": [ 2, 0, 14 ],
			"to": [ 14, 2, 16 ],
			"faces": {
				"down": { "uv": [ 2, 0, 14, 2 ], "texture": "#front", "cullface": "down" },
				"up": { "uv": [ 2, 14, 14, 16 ], "texture": "#front", "cullface": "south" },
				"north": { "uv": [ 2, 14, 14, 16 ], "texture": "#front", "cullface": "down" },
				"south": { "uv": [ 2, 14, 14, 16 ], "texture": "#front", "cullface": "south" }
			}
		},
		{
			"from": [ 2, 14, 14 ],
			"to": [ 14, 16, 16 ],
			"faces": {
				"down": { "uv": [ 2, 0, 14, 2 ], "texture": "#front", "cullface": "south" },
				"up": { "uv": [ 2, 14, 14, 16 ], "texture": "#front", "cullface": "up" },
				"north": { "uv": [ 2, 0, 14, 2 ], "texture": "#front", "cullface": "up" },
				"south": { "uv": [ 2, 0, 14, 2 ], "texture": "#front", "cullface": "south" }
			}
		},
		{
			"from": [ 2, 14, 0 ],
			"to": [ 14, 16, 2 ],
			"faces": {
				"down": { "uv": [ 2, 14, 14, 16 ], "texture": "#front", "cullface": "north", "rotation": 180 },
				"up": { "uv": [ 2, 0, 14, 2 ], "texture": "#front", "cullface": "up" },
				"north": { "uv": [ 2, 0, 14, 2 ], "texture": "#front", "cullface": "north" },
				"south": { "uv": [ 2, 0, 14, 2 ], "texture": "#front", "cullface": "up" }
			}
		}
	]
}