{
"__comment": "Designed by Sphax with BDcraft Cubik PRO 0.90 Beta - http://bdcraft.net",
"ambientocclusion": false,
"textures": {
    "particle": "block/3d/rail_01",
    "rail": "block/3d/rail_01",
    "rail2": "block/3d/rail_02"
},
"elements": [ 
{
    "from": [ 2, 1, 0 ],
    "to": [ 4.5, 2, 16 ],
    "faces": {
        "down":  { "uv": [ 0, 0, 3, 3 ], "texture": "#rail" },
        "up":    { "uv": [ 0, 0, 3, 3 ], "texture": "#rail" },
        "north": { "uv": [ 0, 0, 3, 1 ], "texture": "#rail", "cullface": "north" },
        "south": { "uv": [ 0, 0, 3, 1 ], "texture": "#rail", "cullface": "south" },
        "west":  { "uv": [ 14.5, 0.5, 15.5, 1.5 ], "texture": "#rail" },
        "east":  { "uv": [ 14.5, 0.5, 15.5, 1.5 ], "texture": "#rail" }
    }
},
{
    "from": [ 11.5, 1, 0 ],
    "to": [ 14, 2, 16 ],
    "faces": {
        "down":  { "uv": [ 0, 0, 3, 3 ], "texture": "#rail" },
        "up":    { "uv": [ 0, 0, 3, 3 ], "texture": "#rail" },
        "north": { "uv": [ 0, 0, 3, 1 ], "texture": "#rail", "cullface": "north" },
        "south": { "uv": [ 0, 0, 3, 1 ], "texture": "#rail", "cullface": "south" },
        "west":  { "uv": [ 14.5, 0.5, 15.5, 1.5 ], "texture": "#rail" },
        "east":  { "uv": [ 14.5, 0.5, 15.5, 1.5 ], "texture": "#rail" }
    }
},
{
    "from": [ 1, 0, 0.5 ],
    "to": [ 15, 1, 3 ],
    "faces": {
        "down":  { "uv": [ 0, 3, 14, 6 ], "texture": "#rail", "cullface": "down" },
        "up":    { "uv": [ 0, 3, 14, 6 ], "texture": "#rail" },
        "north": { "uv": [ 0, 5.5, 14, 6 ], "texture": "#rail" },
        "south": { "uv": [ 0, 5.5, 14, 6 ], "texture": "#rail" },
        "west":  { "uv": [ 0, 3, 0.5, 6 ], "rotation": 270, "texture": "#rail" },
        "east":  { "uv": [ 13.5, 3, 14, 6 ], "rotation": 90, "texture": "#rail" }
    }
},
{
    "from": [ 5, 0, 6.5 ],
    "to": [ 11, 1, 9.5 ],
    "faces": {
        "down":  { "uv": [ 0, 0, 3, 3 ], "rotation": 90, "texture": "#rail", "cullface": "down" },
        "up":    { "uv": [ 0, 0, 3, 3 ], "rotation": 90, "texture": "#rail" },
        "north": { "uv": [ 14.5, 0.5, 15.5, 1.5 ], "texture": "#rail" },
        "south": { "uv": [ 14.5, 0.5, 15.5, 1.5 ], "texture": "#rail" }
    }
},
{
    "from": [ 1, 0, 13 ],
    "to": [ 15, 1, 15.5 ],
    "faces": {
        "down":  { "uv": [ 0, 12, 14, 15 ], "texture": "#rail", "cullface": "down" },
        "up":    { "uv": [ 0, 12, 14, 15 ], "texture": "#rail" },
        "north": { "uv": [ 0, 14.5, 14, 15 ], "texture": "#rail" },
        "south": { "uv": [ 0, 14.5, 14, 15 ], "texture": "#rail" },
        "west":  { "uv": [ 0, 12, 0.5, 15 ], "rotation": 270, "texture": "#rail" },
        "east":  { "uv": [ 13.5, 12, 14, 15 ], "rotation": 90, "texture": "#rail" }
    }
},
{
    "from": [ 5, 1.1875, 5 ],
    "to": [ 11, 1.25, 11 ],
    "faces": {
        "down":  { "uv": [ 0, 8, 8, 0 ], "texture": "#rail2" },
        "up":    { "uv": [ 0, 0, 8, 8 ], "texture": "#rail2" }
    }
},
{
    "from": [ 6.5, 0, 3 ],
    "to": [ 9.5, 1, 6.5 ],
    "faces": {
        "down":  { "uv": [ 0, 0, 3, 3 ], "texture": "#rail", "cullface": "down" },
        "up":    { "uv": [ 0, 0, 3, 3 ], "texture": "#rail" },
        "west":  { "uv": [ 14.5, 0.5, 15.5, 1.5 ], "texture": "#rail" },
        "east":  { "uv": [ 14.5, 0.5, 15.5, 1.5 ], "texture": "#rail" }
    }
},
{
    "from": [ 6.5, 0, 9.5 ],
    "to": [ 9.5, 1, 13 ],
    "faces": {
        "down":  { "uv": [ 0, 0, 3, 3 ], "texture": "#rail", "cullface": "down" },
        "up":    { "uv": [ 0, 0, 3, 3 ], "texture": "#rail" },
        "west":  { "uv": [ 14.5, 0.5, 15.5, 1.5 ], "texture": "#rail" },
        "east":  { "uv": [ 14.5, 0.5, 15.5, 1.5 ], "texture": "#rail" }
    }
},
{
    "from": [ 1.5, 0, 5 ],
    "to": [ 5, 1.75, 11 ],
    "faces": {
        "down":  { "uv": [ 12, 0, 14, 3 ], "texture": "#rail", "cullface": "down" },
        "up":    { "uv": [ 14.5, 0.5, 15.5, 1.5 ], "texture": "#rail" },
        "north": { "uv": [ 12, 0, 14, 3 ], "texture": "#rail" },
        "south": { "uv": [ 12, 0, 14, 3 ], "texture": "#rail" },
        "west":  { "uv": [ 12, 3, 14, 0 ], "rotation": 90, "texture": "#rail" },
        "east":  { "uv": [ 12, 3, 14, 0 ], "rotation": 90, "texture": "#rail" }
    }
},
{
    "from": [ 11, 0, 5 ],
    "to": [ 14.5, 1.75, 11 ],
    "faces": {
        "down":  { "uv": [ 12, 0, 14, 3 ], "texture": "#rail", "cullface": "down" },
        "up":    { "uv": [ 14.5, 0.5, 15.5, 1.5 ], "texture": "#rail" },
        "north": { "uv": [ 12, 0, 14, 3 ], "texture": "#rail" },
        "south": { "uv": [ 12, 0, 14, 3 ], "texture": "#rail" },
        "west":  { "uv": [ 12, 3, 14, 0 ], "rotation": 90, "texture": "#rail" },
        "east":  { "uv": [ 12, 3, 14, 0 ], "rotation": 90, "texture": "#rail" }
    }
},
{
    "from": [ 1.5, 1, 1.25 ],
    "to": [ 5, 1.5, 2.25 ],
    "faces": {
        "up":    { "uv": [ 14.5, 0.5, 15.5, 1.5 ], "texture": "#rail" },
        "north": { "uv": [ 14.5, 0.5, 15.5, 1.5 ], "texture": "#rail" },
        "south": { "uv": [ 14.5, 0.5, 15.5, 1.5 ], "texture": "#rail" },
        "west":  { "uv": [ 14.5, 0.5, 15.5, 1.5 ], "texture": "#rail" },
        "east":  { "uv": [ 14.5, 0.5, 15.5, 1.5 ], "texture": "#rail" }
    }
},
{
    "from": [ 11, 1, 1.25 ],
    "to": [ 14.5, 1.5, 2.25 ],
    "faces": {
        "up":    { "uv": [ 14.5, 0.5, 15.5, 1.5 ], "texture": "#rail" },
        "north": { "uv": [ 14.5, 0.5, 15.5, 1.5 ], "texture": "#rail" },
        "south": { "uv": [ 14.5, 0.5, 15.5, 1.5 ], "texture": "#rail" },
        "west":  { "uv": [ 14.5, 0.5, 15.5, 1.5 ], "texture": "#rail" },
        "east":  { "uv": [ 14.5, 0.5, 15.5, 1.5 ], "texture": "#rail" }
    }
},
{
    "from": [ 11, 1, 13.75 ],
    "to": [ 14.5, 1.5, 14.75 ],
    "faces": {
        "up":    { "uv": [ 14.5, 0.5, 15.5, 1.5 ], "texture": "#rail" },
        "north": { "uv": [ 14.5, 0.5, 15.5, 1.5 ], "texture": "#rail" },
        "south": { "uv": [ 14.5, 0.5, 15.5, 1.5 ], "texture": "#rail" },
        "west":  { "uv": [ 14.5, 0.5, 15.5, 1.5 ], "texture": "#rail" },
        "east":  { "uv": [ 14.5, 0.5, 15.5, 1.5 ], "texture": "#rail" }
    }
},
{
    "from": [ 1.5, 1, 13.75 ],
    "to": [ 5, 1.5, 14.75 ],
    "faces": {
        "up":    { "uv": [ 14.5, 0.5, 15.5, 1.5 ], "texture": "#rail" },
        "north": { "uv": [ 14.5, 0.5, 15.5, 1.5 ], "texture": "#rail" },
        "south": { "uv": [ 14.5, 0.5, 15.5, 1.5 ], "texture": "#rail" },
        "west":  { "uv": [ 14.5, 0.5, 15.5, 1.5 ], "texture": "#rail" },
        "east":  { "uv": [ 14.5, 0.5, 15.5, 1.5 ], "texture": "#rail" }
    }
},
{
    "from": [ 6.5, 1, 0.5 ],
    "to": [ 9.5, 2, 3 ],
    "faces": {
        "up":    { "uv": [ 13, 3, 16, 6 ], "texture": "#rail2" },
        "north": { "uv": [ 12, 0, 14, 0.75 ], "texture": "#rail" },
        "south": { "uv": [ 12, 0, 14, 0.75 ], "texture": "#rail" },
        "west":  { "uv": [ 12, 0, 14, 0.75 ], "texture": "#rail" },
        "east":  { "uv": [ 12, 0, 14, 0.75 ], "texture": "#rail" }
    }
},
{
    "from": [ 7.25, 2, 1 ],
    "to": [ 8.75, 2.5, 2.5 ],
    "faces": {
        "up":    { "uv": [ 13, 3, 16, 6 ], "texture": "#rail2" },
        "north": { "uv": [ 12, 0, 14, 0.5 ], "texture": "#rail" },
        "south": { "uv": [ 12, 0, 14, 0.5 ], "texture": "#rail" },
        "west":  { "uv": [ 12, 0, 14, 0.5 ], "texture": "#rail" },
        "east":  { "uv": [ 12, 0, 14, 0.5 ], "texture": "#rail" }
    }
},
{
    "from": [ 6.5, 1, 13 ],
    "to": [ 9.5, 2, 15.5 ],
    "faces": {
        "up":    { "uv": [ 13, 3, 16, 6 ], "texture": "#rail2" },
        "north": { "uv": [ 12, 0, 14, 0.75 ], "texture": "#rail" },
        "south": { "uv": [ 12, 0, 14, 0.75 ], "texture": "#rail" },
        "west":  { "uv": [ 12, 0, 14, 0.75 ], "texture": "#rail" },
        "east":  { "uv": [ 12, 0, 14, 0.75 ], "texture": "#rail" }
    }
},
{
    "from": [ 7.25, 2, 13.5 ],
    "to": [ 8.75, 2.5, 15 ],
    "faces": {
        "up":    { "uv": [ 13, 3, 16, 6 ], "texture": "#rail2" },
        "north": { "uv": [ 12, 0, 14, 0.5 ], "texture": "#rail" },
        "south": { "uv": [ 12, 0, 14, 0.5 ], "texture": "#rail" },
        "west":  { "uv": [ 12, 0, 14, 0.5 ], "texture": "#rail" },
        "east":  { "uv": [ 12, 0, 14, 0.5 ], "texture": "#rail" }
    }
}
]
}