{
	"__comment": "Designed by Sphax with Cubik Studio - https://cubik.studio",
	"parent": "block/block",
	"ambientocclusion": false,
	"textures": {
		"top": "block/blast_furnace_top",
		"front": "block/blast_furnace_front",
		"side": "block/blast_furnace_side",
		"inside": "block/3d/cobblestone_darken",
		"particle": "block/blast_furnace_front"
	},
	"elements": [ 	 
		{
			"__comment": "Box1",
			"from": [ 0, 0, 0 ],
			"to": [ 16, 3, 14 ],
			"faces": {
				"down": { "uv": [ 0, 0, 16, 14 ], "texture": "#top", "cullface": "down", "rotation": 180 },
				"up": { "uv": [ 0, 2, 16, 16 ], "texture": "#inside", "cullface": "north", "rotation": 90 },
				"north": { "uv": [ 0, 13, 16, 16 ], "texture": "#front", "cullface": "north" },
				"west": { "uv": [ 0, 13, 14, 16 ], "texture": "#side", "cullface": "west" },
				"east": { "uv": [ 2, 13, 16, 16 ], "texture": "#side", "cullface": "east" }
			}
		},
		{
			"__comment": "Box2",
			"from": [ 10, 3, -1.5 ],
			"to": [ 18, 9, -0.5 ],
			"faces": {
				"down": { "uv": [ 4, 7, 12, 8 ], "texture": "#front", "cullface": "north", "rotation": 180 },
				"up": { "uv": [ 4, 7, 12, 8 ], "texture": "#front", "cullface": "north", "rotation": 180 },
				"north": { "uv": [ 4, 7, 12, 13 ], "texture": "#front", "cullface": "north" },
				"south": { "uv": [ 4, 7, 12, 13 ], "texture": "#front", "cullface": "north" },
				"west": { "uv": [ 11, 7, 12, 13 ], "texture": "#front", "cullface": "north" },
				"east": { "uv": [ 4, 7, 5, 13 ], "texture": "#front", "cullface": "north" }
			}
		},
		{
			"__comment": "Box1",
			"from": [ 12, 3, 0 ],
			"to": [ 16, 9, 14 ],
			"faces": {
				"north": { "uv": [ 0, 7, 4, 13 ], "texture": "#front", "cullface": "north" },
				"west": { "uv": [ 0, 7, 14, 13 ], "texture": "#inside", "cullface": "north" },
				"east": { "uv": [ 2, 7, 16, 13 ], "texture": "#side", "cullface": "east" }
			}
		},
		{
			"__comment": "Box1",
			"from": [ 0, 3, 0 ],
			"to": [ 4, 9, 14 ],
			"faces": {
				"north": { "uv": [ 12, 7, 16, 13 ], "texture": "#front", "cullface": "north" },
				"west": { "uv": [ 0, 7, 14, 13 ], "texture": "#side", "cullface": "west" },
				"east": { "uv": [ 16, 7, 2, 13 ], "texture": "#inside", "cullface": "north" }
			}
		},
		{
			"__comment": "Box1",
			"from": [ 0, 9, 0 ],
			"to": [ 16, 16, 14 ],
			"faces": {
				"down": { "uv": [ 0, 0, 16, 14 ], "texture": "#inside", "cullface": "north", "rotation": 270 },
				"up": { "uv": [ 0, 2, 16, 16 ], "texture": "#top", "cullface": "up", "rotation": 180 },
				"north": { "uv": [ 0, 0, 16, 7 ], "texture": "#front", "cullface": "north" },
				"west": { "uv": [ 0, 0, 14, 7 ], "texture": "#side", "cullface": "west" },
				"east": { "uv": [ 2, 0, 16, 7 ], "texture": "#side", "cullface": "east" }
			}
		},
		{
			"__comment": "Box1",
			"from": [ 0, 0, 14 ],
			"to": [ 16, 16, 16 ],
			"faces": {
				"down": { "uv": [ 0, 14, 16, 16 ], "texture": "#top", "cullface": "down", "rotation": 180 },
				"up": { "uv": [ 0, 0, 16, 2 ], "texture": "#top", "cullface": "up", "rotation": 180 },
				"north": { "uv": [ 0, 0, 16, 16 ], "texture": "#inside", "cullface": "north", "rotation": 90 },
				"south": { "uv": [ 0, 0, 16, 16 ], "texture": "#side", "cullface": "south" },
				"west": { "uv": [ 14, 0, 16, 16 ], "texture": "#side", "cullface": "west" },
				"east": { "uv": [ 0, 0, 2, 16 ], "texture": "#side", "cullface": "east" }
			}
		},
		{
			"__comment": "Box1",
			"from": [ 3, 9, -0.5 ],
			"to": [ 13, 10, 0 ],
			"faces": {
				"down": { "uv": [ 3, 15.5, 13, 16 ], "texture": "#top", "cullface": "north", "rotation": 180 },
				"up": { "uv": [ 3, 0, 13, 0.5 ], "texture": "#top", "cullface": "north", "rotation": 180 },
				"north": { "uv": [ 3, 6, 13, 7 ], "texture": "#front", "cullface": "north" },
				"west": { "uv": [ 15.5, 6, 16, 7 ], "texture": "#side", "cullface": "north" },
				"east": { "uv": [ 0, 6, 0.5, 7 ], "texture": "#side", "cullface": "north" }
			}
		},
		{
			"__comment": "Box1",
			"from": [ 3, 2, -0.5 ],
			"to": [ 13, 3, 0 ],
			"faces": {
				"down": { "uv": [ 3, 15.5, 13, 16 ], "texture": "#top", "cullface": "north", "rotation": 180 },
				"up": { "uv": [ 3, 0, 13, 0.5 ], "texture": "#top", "cullface": "north", "rotation": 180 },
				"north": { "uv": [ 3, 13, 13, 14 ], "texture": "#front", "cullface": "north" },
				"west": { "uv": [ 15.5, 13, 16, 14 ], "texture": "#side", "cullface": "north" },
				"east": { "uv": [ 0, 13, 0.5, 14 ], "texture": "#side", "cullface": "north" }
			}
		},
		{
			"__comment": "Box1",
			"from": [ 3, 3, -0.5 ],
			"to": [ 4, 9, 0 ],
			"faces": {
				"north": { "uv": [ 12, 7, 13, 13 ], "texture": "#front", "cullface": "north" },
				"west": { "uv": [ 15.5, 7, 16, 13 ], "texture": "#side", "cullface": "north" },
				"east": { "uv": [ 0, 7, 0.5, 13 ], "texture": "#side", "cullface": "north" }
			}
		},
		{
			"__comment": "Box10",
			"from": [ 16, 6, 11 ],
			"to": [ 16.5, 8, 13 ],
			"faces": {
				"down": { "uv": [ 15.5, 11, 16, 13 ], "texture": "#side", "cullface": "east", "rotation": 180 },
				"up": { "uv": [ 15.5, 3, 16, 5 ], "texture": "#side", "cullface": "east", "rotation": 180 },
				"north": { "uv": [ 15.5, 8, 16, 10 ], "texture": "#side", "cullface": "east" },
				"south": { "uv": [ 0, 8, 0.5, 10 ], "texture": "#side", "cullface": "east" },
				"east": { "uv": [ 3, 8, 5, 10 ], "texture": "#side", "cullface": "east" }
			}
		},
		{
			"__comment": "Box10",
			"from": [ 16, 6, 7 ],
			"to": [ 16.5, 8, 9 ],
			"faces": {
				"down": { "uv": [ 15.5, 7, 16, 9 ], "texture": "#side", "cullface": "east", "rotation": 180 },
				"up": { "uv": [ 15.5, 7, 16, 9 ], "texture": "#side", "cullface": "east", "rotation": 180 },
				"north": { "uv": [ 15.5, 8, 16, 10 ], "texture": "#side", "cullface": "east" },
				"south": { "uv": [ 0, 8, 0.5, 10 ], "texture": "#side", "cullface": "east" },
				"east": { "uv": [ 7, 8, 9, 10 ], "texture": "#side", "cullface": "east" }
			}
		},
		{
			"__comment": "Box10",
			"from": [ 16, 6, 3 ],
			"to": [ 16.5, 8, 5 ],
			"faces": {
				"down": { "uv": [ 15.5, 3, 16, 5 ], "texture": "#side", "cullface": "east", "rotation": 180 },
				"up": { "uv": [ 15.5, 11, 16, 13 ], "texture": "#side", "cullface": "east", "rotation": 180 },
				"north": { "uv": [ 15.5, 8, 16, 10 ], "texture": "#side", "cullface": "east" },
				"south": { "uv": [ 0, 8, 0.5, 10 ], "texture": "#side", "cullface": "east" },
				"east": { "uv": [ 11, 8, 13, 10 ], "texture": "#side", "cullface": "east" }
			}
		},
		{
			"__comment": "Box10",
			"from": [ -0.5, 6, 3 ],
			"to": [ 0, 8, 5 ],
			"faces": {
				"down": { "uv": [ 0, 3, 0.5, 5 ], "texture": "#side", "cullface": "west", "rotation": 180 },
				"up": { "uv": [ 0, 11, 0.5, 13 ], "texture": "#side", "cullface": "west", "rotation": 180 },
				"north": { "uv": [ 0, 8, 0.5, 10 ], "texture": "#side", "cullface": "west" },
				"south": { "uv": [ 15.5, 8, 16, 10 ], "texture": "#side", "cullface": "west" },
				"west": { "uv": [ 3, 8, 5, 10 ], "texture": "#side", "cullface": "west" }
			}
		},
		{
			"__comment": "Box10",
			"from": [ -0.5, 6, 7 ],
			"to": [ 0, 8, 9 ],
			"faces": {
				"down": { "uv": [ 0, 7, 0.5, 9 ], "texture": "#side", "cullface": "west", "rotation": 180 },
				"up": { "uv": [ 0, 7, 0.5, 9 ], "texture": "#side", "cullface": "west", "rotation": 180 },
				"north": { "uv": [ 0, 8, 0.5, 10 ], "texture": "#side", "cullface": "west" },
				"south": { "uv": [ 15.5, 8, 16, 10 ], "texture": "#side", "cullface": "west" },
				"west": { "uv": [ 7, 8, 9, 10 ], "texture": "#side", "cullface": "west" }
			}
		},
		{
			"__comment": "Box10",
			"from": [ -0.5, 6, 11 ],
			"to": [ 0, 8, 13 ],
			"faces": {
				"down": { "uv": [ 0, 11, 0.5, 13 ], "texture": "#side", "cullface": "west", "rotation": 180 },
				"up": { "uv": [ 0, 3, 0.5, 5 ], "texture": "#side", "cullface": "west", "rotation": 180 },
				"north": { "uv": [ 0, 8, 0.5, 10 ], "texture": "#side", "cullface": "west" },
				"south": { "uv": [ 15.5, 8, 16, 10 ], "texture": "#side", "cullface": "west" },
				"west": { "uv": [ 11, 8, 13, 10 ], "texture": "#side", "cullface": "west" }
			}
		},
		{
			"__comment": "Box10",
			"from": [ 11, 6, 16 ],
			"to": [ 13, 8, 16.5 ],
			"faces": {
				"down": { "uv": [ 3, 0, 5, 0.5 ], "texture": "#side", "cullface": "south", "rotation": 180 },
				"up": { "uv": [ 3, 15.5, 5, 16 ], "texture": "#side", "cullface": "south", "rotation": 180 },
				"south": { "uv": [ 11, 8, 13, 10 ], "texture": "#side", "cullface": "south" },
				"west": { "uv": [ 0, 8, 0.5, 10 ], "texture": "#side", "cullface": "south" },
				"east": { "uv": [ 15.5, 8, 16, 10 ], "texture": "#side", "cullface": "south" }
			}
		},
		{
			"__comment": "Box10",
			"from": [ 7, 6, 16 ],
			"to": [ 9, 8, 16.5 ],
			"faces": {
				"down": { "uv": [ 6.999999, 15.99998, 8.999999, 16 ], "texture": "#side", "cullface": "south", "rotation": 180 },
				"up": { "uv": [ 6.999999, 0, 8.999999, 0.000019073 ], "texture": "#side", "cullface": "south", "rotation": 180 },
				"south": { "uv": [ 7.000001, 8, 9.000001, 10 ], "texture": "#side", "cullface": "south" },
				"west": { "uv": [ 15.99998, 8, 16, 10 ], "texture": "#side", "cullface": "south" },
				"east": { "uv": [ 0, 8, 0.000019073, 10 ], "texture": "#side", "cullface": "south" }
			}
		},
		{
			"__comment": "Box10",
			"from": [ 3, 6, 16 ],
			"to": [ 5, 8, 16.5 ],
			"faces": {
				"down": { "uv": [ 11, 15.99996, 13, 16 ], "texture": "#side", "cullface": "south", "rotation": 180 },
				"up": { "uv": [ 11, 0, 13, 0.000041962 ], "texture": "#side", "cullface": "south", "rotation": 180 },
				"south": { "uv": [ 3.000001, 8, 5.000001, 10 ], "texture": "#side", "cullface": "south" },
				"west": { "uv": [ 15.99996, 8, 16, 10 ], "texture": "#side", "cullface": "south" },
				"east": { "uv": [ 0, 8, 0.000041962, 10 ], "texture": "#side", "cullface": "south" }
			}
		},
		{
			"__comment": "Box1",
			"from": [ 12, 3, -0.5 ],
			"to": [ 13, 9, 0 ],
			"faces": {
				"west": { "uv": [ 15.5, 7, 16, 13 ], "texture": "#side", "cullface": "north" },
				"east": { "uv": [ 0, 7, 0.5, 13 ], "texture": "#side", "cullface": "north" }
			}
		}
	]
}