{
	"__comment": "Designed by Linyor with BDcraft Cubik PRO 0.95 Beta - http://bdcraft.net",
	"parent": "block/block",
	"ambientocclusion": false,
	"textures": {
		"particle": "block/bookshelf",
		"bookshelf": "block/bookshelf",
		"planks": "block/oak_planks",
		"books": "block/3d/bookshelf_books"
	},
	"elements": [ 	 
		{
			"__comment": "Book S 05",
			"from": [ 4.5, 1, 12 ],
			"to": [ 11, 2, 15.5 ],
			"faces": {
				"up": { "uv": [ 0, 3, 1, 6 ], "texture": "#books", "cullface": "south", "rotation": 90 },
				"south": { "uv": [ 0, 3, 1, 6 ], "texture": "#books", "cullface": "south", "rotation": 90 },
				"west": { "uv": [ 6, 9, 3, 10 ], "texture": "#books", "cullface": "south" },
				"east": { "uv": [ 3, 9, 6, 10 ], "texture": "#books", "cullface": "south" }
			}
		},
		{
			"__comment": "Book S 06",
			"from": [ 6, 2, 10.4688 ],
			"to": [ 12, 3, 13.9688 ],
			"rotation": { "origin": [ 6, 2, 10.46875 ], "axis": "y", "angle": -22.5 },
			"faces": {
				"down": { "uv": [ 6, 0, 7, 3 ], "texture": "#books", "cullface": "south", "rotation": 90 },
				"south": { "uv": [ 1, 7, 2, 8 ], "texture": "#books", "cullface": "south" },
				"west": { "uv": [ 0, 7, 3, 8 ], "texture": "#books", "cullface": "south" },
				"east": { "uv": [ 0, 8, 3, 7 ], "texture": "#books", "cullface": "south", "rotation": 180 }
			}
		},
		{
			"__comment": "Book S 07",
			"from": [ 4.4688, 3, 12 ],
			"to": [ 11.5938, 4, 16 ],
			"faces": {
				"down": { "uv": [ 3, 3, 4, 6 ], "texture": "#books", "cullface": "south", "rotation": 90 },
				"up": { "uv": [ 3, 3, 4, 6 ], "texture": "#books", "cullface": "south", "rotation": 90 },
				"south": { "uv": [ 3, 3, 4, 6 ], "texture": "#books", "cullface": "south", "rotation": 90 },
				"west": { "uv": [ 3, 9, 0, 10 ], "texture": "#books", "cullface": "south" },
				"east": { "uv": [ 0, 9, 3, 10 ], "texture": "#books", "cullface": "south" }
			}
		},
		{
			"__comment": "Book S 08",
			"from": [ 5.5, 4, 13.5 ],
			"to": [ 9, 4.5, 16 ],
			"rotation": { "origin": [ 5.5, 4, 13.5 ], "axis": "y", "angle": 45 },
			"faces": {
				"up": { "uv": [ 8, 3, 9, 6 ], "texture": "#books", "cullface": "south", "rotation": 90 },
				"north": { "uv": [ 1, 8, 1.5, 9 ], "texture": "#books", "cullface": "south" },
				"south": { "uv": [ 8, 3, 9, 6 ], "texture": "#books", "cullface": "south", "rotation": 90 },
				"west": { "uv": [ 3, 8, 0, 9 ], "texture": "#books", "cullface": "south" },
				"east": { "uv": [ 0, 8, 3, 9 ], "texture": "#books", "cullface": "south" }
			}
		},
		{
			"__comment": "Book E 05",
			"from": [ 12, 1, 4.5 ],
			"to": [ 16, 6, 6 ],
			"rotation": { "origin": [ 12, 1, 4.5 ], "axis": "y", "angle": 45 },
			"faces": {
				"up": { "uv": [ 3, 6, 6, 7 ], "texture": "#books", "cullface": "east", "rotation": 180 },
				"north": { "uv": [ 1, 3, 2, 6 ], "texture": "#books", "cullface": "east" },
				"south": { "uv": [ 1, 3, 2, 6 ], "texture": "#books", "cullface": "east" },
				"east": { "uv": [ 1, 3, 2, 6 ], "texture": "#books", "cullface": "east" }
			}
		},
		{
			"__comment": "Book E 06",
			"from": [ 12, 1, 7.5 ],
			"to": [ 16.25, 6.5, 8.625 ],
			"rotation": { "origin": [ 12, 1, 7.5 ], "axis": "y", "angle": 45 },
			"faces": {
				"up": { "uv": [ 0, 8, 3, 9 ], "texture": "#books", "cullface": "east", "rotation": 180 },
				"north": { "uv": [ 8, 3, 9, 6 ], "texture": "#books", "cullface": "east" },
				"south": { "uv": [ 8, 3, 9, 6 ], "texture": "#books", "cullface": "east" },
				"west": { "uv": [ 1, 8, 1.5, 9 ], "texture": "#books", "cullface": "east", "rotation": 270 },
				"east": { "uv": [ 8, 3, 9, 6 ], "texture": "#books", "cullface": "east" }
			}
		},
		{
			"__comment": "Book E 07",
			"from": [ 11.875, 1, 8.125 ],
			"to": [ 16.125, 6, 9.125 ],
			"rotation": { "origin": [ 11.875, 1, 8.125 ], "axis": "y", "angle": -22.5 },
			"faces": {
				"up": { "uv": [ 3, 7, 6, 8 ], "texture": "#books", "cullface": "east", "rotation": 180 },
				"north": { "uv": [ 3, 0, 4, 3 ], "texture": "#books", "cullface": "east" },
				"south": { "uv": [ 3, 0, 4, 3 ], "texture": "#books", "cullface": "east" },
				"east": { "uv": [ 3, 0, 4, 3 ], "texture": "#books", "cullface": "east" }
			}
		},
		{
			"__comment": "Book E 08",
			"from": [ 13.5, 1, 10 ],
			"to": [ 16.875, 6.5, 11.25 ],
			"rotation": { "origin": [ 13.5, 1, 10 ], "axis": "y", "angle": -45 },
			"faces": {
				"up": { "uv": [ 0, 11, 3, 12 ], "texture": "#books", "cullface": "east", "rotation": 180 },
				"north": { "uv": [ 4, 3, 5, 6 ], "texture": "#books", "cullface": "east" },
				"south": { "uv": [ 4, 3, 5, 6 ], "texture": "#books", "cullface": "east" },
				"west": { "uv": [ 2, 11, 2.5, 12 ], "texture": "#books", "cullface": "east", "rotation": 270 },
				"east": { "uv": [ 4, 3, 5, 6 ], "texture": "#books", "cullface": "east" }
			}
		},
		{
			"__comment": "Book N 01",
			"from": [ 4.75, 1, 0.5 ],
			"to": [ 11.25, 2, 4 ],
			"faces": {
				"up": { "uv": [ 4, 0, 5, 3 ], "texture": "#books", "cullface": "north", "rotation": 90 },
				"north": { "uv": [ 4, 0, 5, 3 ], "texture": "#books", "cullface": "north", "rotation": 90 },
				"west": { "uv": [ 3, 8, 6, 9 ], "texture": "#books", "cullface": "north" },
				"east": { "uv": [ 6, 8, 3, 9 ], "texture": "#books", "cullface": "north" }
			}
		},
		{
			"__comment": "Book N 02",
			"from": [ 5.875, 2, 0.125 ],
			"to": [ 11.875, 3, 3.625 ],
			"rotation": { "origin": [ 5.875, 2, 0.125 ], "axis": "y", "angle": -22.5 },
			"faces": {
				"down": { "uv": [ 9.875, 11, 14.875, 12 ], "texture": "#books", "cullface": "north" },
				"north": { "uv": [ 5, 0, 6, 3 ], "texture": "#books", "cullface": "north", "rotation": 90 },
				"west": { "uv": [ 3, 9, 6, 10 ], "texture": "#books", "cullface": "north" },
				"east": { "uv": [ 6, 9, 3, 10 ], "texture": "#books", "cullface": "north" }
			}
		},
		{
			"__comment": "Book N 03",
			"from": [ 4.5, 3, 0 ],
			"to": [ 11.625, 4, 4 ],
			"faces": {
				"down": { "uv": [ 6, 0, 7, 3 ], "texture": "#books", "cullface": "north", "rotation": 90 },
				"up": { "uv": [ 6, 0, 7, 3 ], "texture": "#books", "cullface": "north", "rotation": 90 },
				"north": { "uv": [ 6, 0, 7, 3 ], "texture": "#books", "cullface": "north", "rotation": 90 },
				"west": { "uv": [ 0, 7, 3, 8 ], "texture": "#books", "cullface": "north" },
				"east": { "uv": [ 3, 7, 0, 8 ], "texture": "#books", "cullface": "north" }
			}
		},
		{
			"__comment": "Book N 04",
			"from": [ 5.75, 4, 2.625 ],
			"to": [ 9.25, 4.5, 5.125 ],
			"rotation": { "origin": [ 5.75, 4, 2.625 ], "axis": "y", "angle": 45 },
			"faces": {
				"up": { "uv": [ 7, 0, 8, 3 ], "texture": "#books", "cullface": "north", "rotation": 90 },
				"north": { "uv": [ 7, 0, 8, 3 ], "texture": "#books", "cullface": "north", "rotation": 90 },
				"south": { "uv": [ 4.5, 6, 5, 7 ], "texture": "#books", "cullface": "north" },
				"west": { "uv": [ 3, 6, 6, 7 ], "texture": "#books", "cullface": "north" },
				"east": { "uv": [ 6, 6, 3, 7 ], "texture": "#books", "cullface": "north" }
			}
		},
		{
			"__comment": "Book W 05",
			"from": [ 0.25, 1, 12.625 ],
			"to": [ 4.25, 6, 14.125 ],
			"rotation": { "origin": [ 0.25, 1, 12.625 ], "axis": "y", "angle": 45 },
			"faces": {
				"up": { "uv": [ 0, 9, 3, 10 ], "texture": "#books", "cullface": "west" },
				"north": { "uv": [ 6, 3, 7, 6 ], "texture": "#books", "cullface": "west" },
				"south": { "uv": [ 6, 3, 7, 6 ], "texture": "#books", "cullface": "west" },
				"west": { "uv": [ 6, 3, 7, 6 ], "texture": "#books", "cullface": "west" }
			}
		},
		{
			"__comment": "Book W 06",
			"from": [ 0.25, 1, 10.25 ],
			"to": [ 4.5, 6.5, 11.375 ],
			"rotation": { "origin": [ 0.25, 1, 10.25 ], "axis": "y", "angle": 45 },
			"faces": {
				"up": { "uv": [ 3, 7, 6, 8 ], "texture": "#books", "cullface": "west" },
				"north": { "uv": [ 5, 3, 6, 6 ], "texture": "#books", "cullface": "west" },
				"south": { "uv": [ 5, 3, 6, 6 ], "texture": "#books", "cullface": "west" },
				"west": { "uv": [ 5, 3, 6, 6 ], "texture": "#books", "cullface": "west" },
				"east": { "uv": [ 4, 7, 4.5, 8 ], "texture": "#books", "cullface": "west", "rotation": 270 }
			}
		},
		{
			"__comment": "Book W 07",
			"from": [ 0.75, 1, 4.875 ],
			"to": [ 5, 6, 5.875 ],
			"rotation": { "origin": [ 0.75, 1, 4.875 ], "axis": "y", "angle": -22.5 },
			"faces": {
				"up": { "uv": [ 0, 11, 3, 12 ], "texture": "#books", "cullface": "west" },
				"north": { "uv": [ 4, 3, 5, 6 ], "texture": "#books", "cullface": "west" },
				"south": { "uv": [ 4, 3, 5, 6 ], "texture": "#books", "cullface": "west" },
				"west": { "uv": [ 4, 3, 5, 6 ], "texture": "#books", "cullface": "west" }
			}
		},
		{
			"__comment": "Book W 08",
			"from": [ 1, 1, 1.875 ],
			"to": [ 4.375, 6.5, 3.125 ],
			"rotation": { "origin": [ 1, 1, 1.875 ], "axis": "y", "angle": -45 },
			"faces": {
				"up": { "uv": [ 3, 11, 6, 12 ], "texture": "#books", "cullface": "west" },
				"north": { "uv": [ 3, 3, 4, 6 ], "texture": "#books", "cullface": "west" },
				"south": { "uv": [ 3, 3, 4, 6 ], "texture": "#books", "cullface": "west" },
				"west": { "uv": [ 3, 3, 4, 6 ], "texture": "#books", "cullface": "west" },
				"east": { "uv": [ 4, 11, 4.5, 12 ], "texture": "#books", "cullface": "west", "rotation": 270 }
			}
		}
	]
}