{
	"__comment": "Designed by Linyor with BDcraft Cubik PRO 0.95 Beta - http://bdcraft.net",
	"parent": "block/block",
	"ambientocclusion": false,
	"textures": {
		"particle": "block/bookshelf",
		"bookshelf": "block/bookshelf",
		"planks": "block/oak_planks"
	},
	"elements": [ 	 
		{
			"__comment": "MiddleShelf",
			"from": [ 0.5, 7, 0.5 ],
			"to": [ 15.5, 9, 15.5 ],
			"faces": {
				"north": { "uv": [ 1, 7, 15, 9 ], "texture": "#bookshelf", "cullface": "north" },
				"south": { "uv": [ 1, 7, 15, 9 ], "texture": "#bookshelf", "cullface": "south" },
				"west": { "uv": [ 1, 7, 15, 9 ], "texture": "#bookshelf", "cullface": "west" },
				"east": { "uv": [ 1, 7, 15, 9 ], "texture": "#bookshelf", "cullface": "east" }
			}
		},
		{
			"__comment": "MiddleColumn",
			"from": [ 6, 1, 6 ],
			"to": [ 10, 15, 10 ],
			"faces": {
				"north": { "uv": [ 1, 1, 1.5, 1.5 ], "texture": "#bookshelf", "cullface": "north" },
				"south": { "uv": [ 1, 1, 1.5, 1.5 ], "texture": "#bookshelf", "cullface": "south" },
				"west": { "uv": [ 1, 1, 1.5, 1.5 ], "texture": "#bookshelf", "cullface": "west" },
				"east": { "uv": [ 1, 1, 1.5, 1.5 ], "texture": "#bookshelf", "cullface": "east" }
			}
		},
		{
			"__comment": "Top",
			"from": [ 0, 15, 0 ],
			"to": [ 16, 16, 16 ],
			"faces": {
				"up": { "uv": [ 0, 0, 16, 16 ], "texture": "#planks", "cullface": "up" },
				"north": { "uv": [ 0, 0, 16, 1 ], "texture": "#bookshelf", "cullface": "north" },
				"south": { "uv": [ 0, 0, 16, 1 ], "texture": "#bookshelf", "cullface": "south" },
				"west": { "uv": [ 0, 0, 16, 1 ], "texture": "#bookshelf", "cullface": "west" },
				"east": { "uv": [ 0, 0, 16, 1 ], "texture": "#bookshelf", "cullface": "east" }
			}
		},
		{
			"__comment": "Bottom",
			"from": [ 0, 0, 0 ],
			"to": [ 16, 1, 16 ],
			"faces": {
				"down": { "uv": [ 16, 14.5, 0, 1.5 ], "texture": "#planks", "cullface": "down" },
				"north": { "uv": [ 0, 15, 16, 16 ], "texture": "#bookshelf", "cullface": "north" },
				"south": { "uv": [ 0, 15, 16, 16 ], "texture": "#bookshelf", "cullface": "south" },
				"west": { "uv": [ 0, 15, 16, 16 ], "texture": "#bookshelf", "cullface": "west" },
				"east": { "uv": [ 0, 15, 16, 16 ], "texture": "#bookshelf", "cullface": "east" }
			}
		},
		{
			"__comment": "VerticalEdge1",
			"from": [ 15, 1, 15 ],
			"to": [ 16, 15, 16 ],
			"faces": {
				"north": { "uv": [ 0, 1, 1, 15 ], "texture": "#bookshelf", "cullface": "east" },
				"south": { "uv": [ 15, 1, 16, 15 ], "texture": "#bookshelf", "cullface": "south" },
				"west": { "uv": [ 15, 1.000001, 16, 15 ], "texture": "#bookshelf", "cullface": "south" },
				"east": { "uv": [ 0, 1, 1, 15 ], "texture": "#bookshelf", "cullface": "east" }
			}
		},
		{
			"__comment": "VerticalEdge2",
			"from": [ 15, 1, 0 ],
			"to": [ 16, 15, 1 ],
			"faces": {
				"north": { "uv": [ 15, 1, 16, 15 ], "texture": "#bookshelf", "cullface": "north" },
				"south": { "uv": [ 0, 1, 1, 15 ], "texture": "#bookshelf", "cullface": "east" },
				"west": { "uv": [ 0, 1, 1, 15 ], "texture": "#bookshelf", "cullface": "north" },
				"east": { "uv": [ 15, 1, 16, 15 ], "texture": "#bookshelf", "cullface": "east" }
			}
		},
		{
			"__comment": "VerticalEdge3",
			"from": [ 0, 1, 0 ],
			"to": [ 1, 15, 1 ],
			"faces": {
				"north": { "uv": [ 15, 1, 16, 15 ], "texture": "#bookshelf", "cullface": "north" },
				"south": { "uv": [ 0, 1, 1, 15 ], "texture": "#bookshelf", "cullface": "west" },
				"west": { "uv": [ 0, 1, 1, 15 ], "texture": "#bookshelf", "cullface": "west" },
				"east": { "uv": [ 15, 1, 16, 15 ], "texture": "#bookshelf", "cullface": "north" }
			}
		},
		{
			"__comment": "VerticalEdge4",
			"from": [ 0, 1, 15 ],
			"to": [ 1, 15, 16 ],
			"faces": {
				"north": { "uv": [ 15, 1.000001, 16, 15 ], "texture": "#bookshelf", "cullface": "west" },
				"south": { "uv": [ 0, 1, 1, 15 ], "texture": "#bookshelf", "cullface": "south" },
				"west": { "uv": [ 15, 1.000001, 16, 15 ], "texture": "#bookshelf", "cullface": "west" },
				"east": { "uv": [ 0, 1, 1, 15 ], "texture": "#bookshelf", "cullface": "south" }
			}
		},
		{
			"__comment": "Diagonal1",
			"from": [ 0.85, 1, 0.5 ],
			"to": [ 8.85, 15, 1 ],
			"rotation": { "origin": [ 0.85, 1.5, 0.5 ], "axis": "y", "angle": -45 },
			"faces": {
				"north": { "uv": [ 1, 1, 1.5, 1.5 ], "texture": "#bookshelf", "cullface": "north" },
				"south": { "uv": [ 1, 1, 1.5, 1.5 ], "texture": "#bookshelf", "cullface": "west" }
			}
		},
		{
			"__comment": "Diagonal2",
			"from": [ 9.849999, 1, 9.5 ],
			"to": [ 17.85, 15, 10 ],
			"rotation": { "origin": [ 9.85, 1.5, 9.5 ], "axis": "y", "angle": -45 },
			"faces": {
				"north": { "uv": [ 1, 1, 1.5, 1.5 ], "texture": "#bookshelf", "cullface": "east" },
				"south": { "uv": [ 1, 1, 1.5, 1.5 ], "texture": "#bookshelf", "cullface": "south" }
			}
		},
		{
			"__comment": "Diagonal3",
			"from": [ 9.5, 1, 6.135 ],
			"to": [ 17.5, 15, 6.635 ],
			"rotation": { "origin": [ 9.5, 1.5, 6.135 ], "axis": "y", "angle": 45 },
			"faces": {
				"north": { "uv": [ 1, 1, 1.5, 1.5 ], "texture": "#bookshelf", "cullface": "north" },
				"south": { "uv": [ 1, 1, 1.5, 1.5 ], "texture": "#bookshelf", "cullface": "east" }
			}
		},
		{
			"__comment": "Diagonal4",
			"from": [ 0.4116, 1, 15.1134 ],
			"to": [ 8.4116, 15, 15.6134 ],
			"rotation": { "origin": [ 0.5, 1.5, 15.025 ], "axis": "y", "angle": 45 },
			"faces": {
				"north": { "uv": [ 1, 1, 1.5, 1.5 ], "texture": "#bookshelf", "cullface": "west" },
				"south": { "uv": [ 1, 1, 1.5, 1.5 ], "texture": "#bookshelf", "cullface": "south" }
			}
		},
		{
			"__comment": "BottomN",
			"from": [ 0, 0, 0 ],
			"to": [ 16, 1, 16 ],
			"faces": {
				"up": { "uv": [ 0, 0, 16, 16 ], "texture": "#planks", "cullface": "north" }
			}
		},
		{
			"__comment": "BottomE",
			"from": [ 0, 0, 0 ],
			"to": [ 16, 1, 16 ],
			"faces": {
				"up": { "uv": [ 0, 0, 16, 16 ], "texture": "#planks", "cullface": "east" }
			}
		},
		{
			"__comment": "BottomS",
			"from": [ 0, 0, 0 ],
			"to": [ 16, 1, 16 ],
			"faces": {
				"up": { "uv": [ 0, 0, 16, 16 ], "texture": "#planks", "cullface": "south" }
			}
		},
		{
			"__comment": "BottomW",
			"from": [ 0, 0, 0 ],
			"to": [ 16, 1, 16 ],
			"faces": {
				"up": { "uv": [ 0, 0, 16, 16 ], "texture": "#planks", "cullface": "west" }
			}
		},
		{
			"__comment": "MiddleN",
			"from": [ 0.5, 7, 0.5 ],
			"to": [ 15.5, 9, 15.5 ],
			"faces": {
				"down": { "uv": [ 0.5, 0.5, 15.5, 15.5 ], "texture": "#planks", "cullface": "north" },
				"up": { "uv": [ 0.5, 0.5, 15.5, 15.5 ], "texture": "#planks", "cullface": "north" }
			}
		},
		{
			"__comment": "MiddleE",
			"from": [ 0.5, 7, 0.5 ],
			"to": [ 15.5, 9, 15.5 ],
			"faces": {
				"down": { "uv": [ 0.5, 0.5, 15.5, 15.5 ], "texture": "#planks", "cullface": "east" },
				"up": { "uv": [ 0.5, 0.5, 15.5, 15.5 ], "texture": "#planks", "cullface": "east" }
			}
		},
		{
			"__comment": "MiddleS",
			"from": [ 0.5, 7, 0.5 ],
			"to": [ 15.5, 9, 15.5 ],
			"faces": {
				"down": { "uv": [ 0.5, 0.5, 15.5, 15.5 ], "texture": "#planks", "cullface": "south" },
				"up": { "uv": [ 0.5, 0.5, 15.5, 15.5 ], "texture": "#planks", "cullface": "south" }
			}
		},
		{
			"__comment": "MiddleW",
			"from": [ 0.5, 7, 0.5 ],
			"to": [ 15.5, 9, 15.5 ],
			"faces": {
				"down": { "uv": [ 0.5, 0.5, 15.5, 15.5 ], "texture": "#planks", "cullface": "west" },
				"up": { "uv": [ 0.5, 0.5, 15.5, 15.5 ], "texture": "#planks", "cullface": "west" }
			}
		},
		{
			"__comment": "TopN",
			"from": [ 0, 15, 0 ],
			"to": [ 16, 16, 16 ],
			"faces": {
				"down": { "uv": [ 0, 0, 16, 16 ], "texture": "#planks", "cullface": "north" }
			}
		},
		{
			"__comment": "TopE",
			"from": [ 0, 15, 0 ],
			"to": [ 16, 16, 16 ],
			"faces": {
				"down": { "uv": [ 0, 0, 16, 16 ], "texture": "#planks", "cullface": "east" }
			}
		},
		{
			"__comment": "TopS",
			"from": [ 0, 15, 0 ],
			"to": [ 16, 16, 16 ],
			"faces": {
				"down": { "uv": [ 0, 0, 16, 16 ], "texture": "#planks", "cullface": "south" }
			}
		},
		{
			"__comment": "TopW",
			"from": [ 0, 15, 0 ],
			"to": [ 16, 16, 16 ],
			"faces": {
				"down": { "uv": [ 0, 0, 16, 16 ], "texture": "#planks", "cullface": "west" }
			}
		}
	]
}