{
	"__comment": "Designed by Sphax with Cubik Studio - https://cubik.studio",
	"parent": "block/block",
	"textures": {
		"particle": "block/crafting_table_front",
		"side": "block/crafting_table_side",
		"top": "block/crafting_table_top",
		"bottom": "block/_bdc/crafting_table_bottom",
		"front": "block/crafting_table_front"
	},
	"elements": [ 	 
		{
			"__comment": "Box1",
			"from": [ 2, 1, 0 ],
			"to": [ 14, 13, 16 ],
			"faces": {
				"north": { "uv": [ 2, 3, 14, 15 ], "texture": "#front", "cullface": "north" },
				"south": { "uv": [ 2, 3, 14, 15 ], "texture": "#front", "cullface": "south" },
				"west": { "uv": [ 0, 3, 16, 15 ], "texture": "#side", "cullface": "west" },
				"east": { "uv": [ 0, 3, 16, 15 ], "texture": "#side", "cullface": "east" }
			}
		},
		{
			"__comment": "Box1",
			"from": [ 0, 2, 3.5 ],
			"to": [ 2, 5.5, 7.5 ],
			"faces": {
				"down": { "uv": [ 3.5, 10.5, 7.5, 12.5 ], "texture": "#side", "cullface": "west", "rotation": 270 },
				"up": { "uv": [ 3.5, 10.5, 7.5, 12.5 ], "texture": "#side", "cullface": "west", "rotation": 270 },
				"north": { "uv": [ 3.5, 10.5, 3.53125, 14 ], "texture": "#side", "cullface": "west" },
				"south": { "uv": [ 7.5, 10.5, 7.46875, 14 ], "texture": "#side", "cullface": "west" },
				"west": { "uv": [ 3.5, 10.5, 7.5, 14 ], "texture": "#side", "cullface": "west" }
			}
		},
		{
			"__comment": "Box1",
			"from": [ 0.5, 2.5, 3 ],
			"to": [ 2, 5, 8 ],
			"faces": {
				"down": { "uv": [ 3, 13.46875, 8, 13.5 ], "texture": "#side", "cullface": "west", "rotation": 270 },
				"up": { "uv": [ 3, 11.03125, 8, 11 ], "texture": "#side", "cullface": "west", "rotation": 90 },
				"north": { "uv": [ 3, 11, 3.03125, 13.5 ], "texture": "#side", "cullface": "west" },
				"south": { "uv": [ 8, 11, 7.96875, 13.5 ], "texture": "#side", "cullface": "west" },
				"west": { "uv": [ 3, 11, 8, 13.5 ], "texture": "#side", "cullface": "west" }
			}
		},
		{
			"__comment": "Box1",
			"from": [ 1, 5.5, 5 ],
			"to": [ 2, 12, 6 ],
			"faces": {
				"up": { "uv": [ 5, 4, 6, 5 ], "texture": "#side", "cullface": "west", "rotation": 90 },
				"north": { "uv": [ 5, 4, 6, 10.5 ], "texture": "#side", "cullface": "west" },
				"south": { "uv": [ 5, 4, 6, 10.5 ], "texture": "#side", "cullface": "west" },
				"west": { "uv": [ 5, 4, 6, 10.5 ], "texture": "#side", "cullface": "west" }
			}
		},
		{
			"__comment": "Box1",
			"from": [ 0.5, 9.5, 4.5 ],
			"to": [ 2, 11, 6.5 ],
			"faces": {
				"down": { "uv": [ 4.5, 5, 6.5, 6.5 ], "texture": "#side", "cullface": "west", "rotation": 270 },
				"up": { "uv": [ 4.5, 5, 6.5, 6.5 ], "texture": "#side", "cullface": "west", "rotation": 270 },
				"north": { "uv": [ 4.5, 5, 6.5, 6.5 ], "texture": "#side", "cullface": "west" },
				"south": { "uv": [ 4.5, 5, 6.5, 6.5 ], "texture": "#side", "cullface": "west" },
				"west": { "uv": [ 4.5, 5, 6.5, 6.5 ], "texture": "#side", "cullface": "west" }
			}
		},
		{
			"__comment": "Box1",
			"from": [ 0.5, 9.5, 9.5 ],
			"to": [ 2, 11, 11.5 ],
			"faces": {
				"down": { "uv": [ 9.5, 5, 11.5, 6.5 ], "texture": "#side", "cullface": "west", "rotation": 270 },
				"up": { "uv": [ 9.5, 5, 11.5, 6.5 ], "texture": "#side", "cullface": "west", "rotation": 270 },
				"north": { "uv": [ 9.5, 5, 11.5, 6.5 ], "texture": "#side", "cullface": "west" },
				"south": { "uv": [ 9.5, 5, 11.5, 6.5 ], "texture": "#side", "cullface": "west" },
				"west": { "uv": [ 9.5, 5, 11.5, 6.5 ], "texture": "#side", "cullface": "west" }
			}
		},
		{
			"__comment": "Box1",
			"from": [ 1, 3.5, 10 ],
			"to": [ 2, 12, 11 ],
			"faces": {
				"down": { "uv": [ 10, 4, 11, 5 ], "texture": "#side", "cullface": "west" },
				"up": { "uv": [ 10, 4, 11, 5 ], "texture": "#side", "cullface": "west", "rotation": 90 },
				"north": { "uv": [ 10, 4, 11, 12.5 ], "texture": "#side", "cullface": "west" },
				"south": { "uv": [ 10, 4, 11, 12.5 ], "texture": "#side", "cullface": "west" },
				"west": { "uv": [ 10, 4, 11, 12.5 ], "texture": "#side", "cullface": "west" }
			}
		},
		{
			"__comment": "Box1",
			"from": [ 0.5, 4, 9 ],
			"to": [ 2, 6.5, 12 ],
			"faces": {
				"down": { "uv": [ 9, 10.5, 12, 12 ], "texture": "#side", "cullface": "west", "rotation": 270 },
				"up": { "uv": [ 9, 9.5, 12, 11 ], "texture": "#side", "cullface": "west", "rotation": 270 },
				"north": { "uv": [ 9, 9.5, 10.5, 12 ], "texture": "#side", "cullface": "west" },
				"south": { "uv": [ 10.5, 9.5, 12, 12 ], "texture": "#side", "cullface": "west" },
				"west": { "uv": [ 9, 9.5, 12, 12 ], "texture": "#side", "cullface": "west" }
			}
		},
		{
			"__comment": "Box1",
			"from": [ 0, 0, 0 ],
			"to": [ 16, 1, 16 ],
			"faces": {
				"down": { "uv": [ 0, 0, 16, 16 ], "texture": "#bottom", "cullface": "down" },
				"up": { "uv": [ 0, 0, 16, 16 ], "texture": "#bottom", "rotation": 90 },
				"north": { "uv": [ 0, 15, 16, 16 ], "texture": "#front", "cullface": "north" },
				"south": { "uv": [ 0, 15, 16, 16 ], "texture": "#front", "cullface": "south" },
				"west": { "uv": [ 0, 15, 16, 16 ], "texture": "#side", "cullface": "west" },
				"east": { "uv": [ 0, 15, 16, 16 ], "texture": "#side", "cullface": "east" }
			}
		},
		{
			"__comment": "Box1",
			"from": [ 0, 1, 0 ],
			"to": [ 2, 13, 2 ],
			"faces": {
				"north": { "uv": [ 14, 3, 16, 15 ], "texture": "#front", "cullface": "north" },
				"south": { "uv": [ 0, 3, 2, 15 ], "texture": "#front", "cullface": "west" },
				"west": { "uv": [ 0, 3, 2, 15 ], "texture": "#side", "cullface": "west" }
			}
		},
		{
			"__comment": "Box1",
			"from": [ 14, 1, 0 ],
			"to": [ 16, 13, 2 ],
			"faces": {
				"north": { "uv": [ 0, 3, 2, 15 ], "texture": "#front", "cullface": "north" },
				"south": { "uv": [ 14, 3, 16, 15 ], "texture": "#front", "cullface": "east" },
				"east": { "uv": [ 14, 3, 16, 15 ], "texture": "#side", "cullface": "east" }
			}
		},
		{
			"__comment": "Box1",
			"from": [ 0, 1, 14 ],
			"to": [ 2, 13, 16 ],
			"faces": {
				"north": { "uv": [ 14, 3, 16, 15 ], "texture": "#front", "cullface": "west" },
				"south": { "uv": [ 0, 3, 2, 15 ], "texture": "#front", "cullface": "south" },
				"west": { "uv": [ 14, 3, 16, 15 ], "texture": "#side", "cullface": "west" }
			}
		},
		{
			"__comment": "Box1",
			"from": [ 14, 1, 14 ],
			"to": [ 16, 13, 16 ],
			"faces": {
				"north": { "uv": [ 0, 3, 2, 15 ], "texture": "#front", "cullface": "east" },
				"south": { "uv": [ 14, 3, 16, 15 ], "texture": "#front", "cullface": "south" },
				"east": { "uv": [ 0, 3, 2, 15 ], "texture": "#side", "cullface": "east" }
			}
		},
		{
			"__comment": "Box1",
			"from": [ 0, 13, 0 ],
			"to": [ 16, 16, 16 ],
			"faces": {
				"down": { "uv": [ 0, 4, 16, 13 ], "texture": "#side" },
				"up": { "uv": [ 0, 0, 16, 16 ], "texture": "#top", "cullface": "up" },
				"north": { "uv": [ 0, 0, 16, 3 ], "texture": "#front", "cullface": "north" },
				"south": { "uv": [ 0, 0, 16, 3 ], "texture": "#front", "cullface": "south" },
				"west": { "uv": [ 0, 0, 16, 3 ], "texture": "#side", "cullface": "west" },
				"east": { "uv": [ 0, 0, 16, 3 ], "texture": "#side", "cullface": "east" }
			}
		},
		{
			"__comment": "Box1",
			"from": [ 14, 2.5, 8 ],
			"to": [ 15.5, 5, 13 ],
			"faces": {
				"down": { "uv": [ 3, 13.46875, 8, 13.5 ], "texture": "#side", "cullface": "east", "rotation": 270 },
				"up": { "uv": [ 3, 11.03125, 8, 11 ], "texture": "#side", "cullface": "east", "rotation": 90 },
				"north": { "uv": [ 3, 11, 3.03125, 13.5 ], "texture": "#side", "cullface": "east" },
				"south": { "uv": [ 8, 11, 7.96875, 13.5 ], "texture": "#side", "cullface": "east" },
				"east": { "uv": [ 8, 11, 3, 13.5 ], "texture": "#side", "cullface": "east" }
			}
		},
		{
			"__comment": "Box1",
			"from": [ 14, 2, 8.5 ],
			"to": [ 16, 5.5, 12.5 ],
			"faces": {
				"down": { "uv": [ 3.5, 12.5, 7.5, 10.5 ], "texture": "#side", "cullface": "east", "rotation": 270 },
				"up": { "uv": [ 3.5, 12.5, 7.5, 10.5 ], "texture": "#side", "cullface": "east", "rotation": 270 },
				"north": { "uv": [ 3.5, 10.5, 3.53125, 14 ], "texture": "#side", "cullface": "east" },
				"south": { "uv": [ 7.5, 10.5, 7.46875, 14 ], "texture": "#side", "cullface": "east" },
				"east": { "uv": [ 7.5, 10.5, 3.5, 14 ], "texture": "#side", "cullface": "east" }
			}
		},
		{
			"__comment": "Box1",
			"from": [ 14, 4, 4 ],
			"to": [ 15.5, 6.5, 7 ],
			"faces": {
				"down": { "uv": [ 9, 12, 12, 10.5 ], "texture": "#side", "cullface": "east", "rotation": 270 },
				"up": { "uv": [ 9, 11, 12, 9.5 ], "texture": "#side", "cullface": "east", "rotation": 270 },
				"north": { "uv": [ 9, 9.5, 10.5, 12 ], "texture": "#side", "cullface": "east" },
				"south": { "uv": [ 10.5, 9.5, 12, 12 ], "texture": "#side", "cullface": "east" },
				"east": { "uv": [ 9, 9.5, 12, 12 ], "texture": "#side", "cullface": "east" }
			}
		},
		{
			"__comment": "Box1",
			"from": [ 14, 3.5, 5 ],
			"to": [ 15, 12, 6 ],
			"faces": {
				"down": { "uv": [ 10, 4, 11, 5 ], "texture": "#side", "cullface": "east" },
				"up": { "uv": [ 10, 4, 11, 5 ], "texture": "#side", "cullface": "east", "rotation": 270 },
				"north": { "uv": [ 10, 4, 11, 12.5 ], "texture": "#side", "cullface": "east" },
				"south": { "uv": [ 10, 4, 11, 12.5 ], "texture": "#side", "cullface": "east" },
				"east": { "uv": [ 10, 4, 11, 12.5 ], "texture": "#side", "cullface": "east" }
			}
		},
		{
			"__comment": "Box1",
			"from": [ 14, 9.5, 4.5 ],
			"to": [ 15.5, 11, 6.5 ],
			"faces": {
				"down": { "uv": [ 9.5, 6.5, 11.5, 5 ], "texture": "#side", "cullface": "east", "rotation": 270 },
				"up": { "uv": [ 9.5, 6.5, 11.5, 5 ], "texture": "#side", "cullface": "east", "rotation": 270 },
				"north": { "uv": [ 9.5, 5, 11.5, 6.5 ], "texture": "#side", "cullface": "east" },
				"south": { "uv": [ 9.5, 5, 11.5, 6.5 ], "texture": "#side", "cullface": "east" },
				"east": { "uv": [ 9.5, 5, 11.5, 6.5 ], "texture": "#side", "cullface": "east" }
			}
		},
		{
			"__comment": "Box1",
			"from": [ 14, 5.5, 10 ],
			"to": [ 15, 12, 11 ],
			"faces": {
				"up": { "uv": [ 5, 4, 6, 5 ], "texture": "#side", "cullface": "east", "rotation": 270 },
				"north": { "uv": [ 5, 4, 6, 10.5 ], "texture": "#side", "cullface": "east" },
				"south": { "uv": [ 5, 4, 6, 10.5 ], "texture": "#side", "cullface": "east" },
				"east": { "uv": [ 5, 4, 6, 10.5 ], "texture": "#side", "cullface": "east" }
			}
		},
		{
			"__comment": "Box1",
			"from": [ 14, 9.5, 9.5 ],
			"to": [ 15.5, 11, 11.5 ],
			"faces": {
				"down": { "uv": [ 4.5, 6.5, 6.5, 5 ], "texture": "#side", "cullface": "east", "rotation": 270 },
				"up": { "uv": [ 4.5, 6.5, 6.5, 5 ], "texture": "#side", "cullface": "east", "rotation": 270 },
				"north": { "uv": [ 4.5, 5, 6.5, 6.5 ], "texture": "#side", "cullface": "east" },
				"south": { "uv": [ 4.5, 5, 6.5, 6.5 ], "texture": "#side", "cullface": "east" },
				"east": { "uv": [ 4.5, 5, 6.5, 6.5 ], "texture": "#side", "cullface": "east" }
			}
		}
	]
}