{
"__comment": "Designed by Sphax with BDcraft Cubik PRO 0.90 Beta - http://bdcraft.net",
"ambientocclusion": false,
"textures": {
    "particle": "block/3d/rail_01",
    "rail": "block/3d/rail_01",
    "rail2": "block/3d/rail_02"
},
"elements": [ 
{
    "from": [ 2, 1, 0 ],
    "to": [ 4.5, 2, 6.5 ],
    "faces": {
        "down":  { "uv": [ 0, 0, 3, 3 ], "texture": "#rail" },
        "up":    { "uv": [ 0, 0, 3, 3 ], "texture": "#rail" },
        "north": { "uv": [ 0, 0, 3, 1 ], "texture": "#rail", "cullface": "north" },
        "west":  { "uv": [ 14.5, 0.5, 15.5, 1.5 ], "texture": "#rail" },
        "east":  { "uv": [ 14.5, 0.5, 15.5, 1.5 ], "texture": "#rail" }
    }
},
{
    "from": [ 11.5, 1, 0 ],
    "to": [ 14, 2, 6.5 ],
    "faces": {
        "down":  { "uv": [ 0, 0, 3, 3 ], "texture": "#rail" },
        "up":    { "uv": [ 0, 0, 3, 3 ], "texture": "#rail" },
        "north": { "uv": [ 0, 0, 3, 1 ], "texture": "#rail", "cullface": "north" },
        "west":  { "uv": [ 14.5, 0.5, 15.5, 1.5 ], "texture": "#rail" },
        "east":  { "uv": [ 14.5, 0.5, 15.5, 1.5 ], "texture": "#rail" }
    }
},
{
    "from": [ 1, 0, 1 ],
    "to": [ 15, 1, 3.5 ],
    "faces": {
        "down":  { "uv": [ 0, 3, 14, 6 ], "texture": "#rail", "cullface": "down" },
        "up":    { "uv": [ 0, 3, 14, 6 ], "texture": "#rail" },
        "north": { "uv": [ 0, 5.5, 14, 6 ], "texture": "#rail" },
        "south": { "uv": [ 0, 5.5, 14, 6 ], "texture": "#rail" },
        "west":  { "uv": [ 0, 3, 0.5, 6 ], "rotation": 270, "texture": "#rail" },
        "east":  { "uv": [ 13.5, 3, 14, 6 ], "rotation": 90, "texture": "#rail" }
    }
},
{
    "from": [ 1, 0, 13 ],
    "to": [ 15, 1, 15.5 ],
    "faces": {
        "down":  { "uv": [ 0, 12, 14, 15 ], "texture": "#rail", "cullface": "down" },
        "up":    { "uv": [ 0, 12, 14, 15 ], "texture": "#rail" },
        "north": { "uv": [ 0, 14.5, 14, 15 ], "texture": "#rail" },
        "south": { "uv": [ 0, 14.5, 14, 15 ], "texture": "#rail" },
        "west":  { "uv": [ 0, 12, 0.5, 15 ], "rotation": 270, "texture": "#rail" },
        "east":  { "uv": [ 13.5, 12, 14, 15 ], "rotation": 90, "texture": "#rail" }
    }
},
{
    "from": [ 5.5, 1.5, 4 ],
    "to": [ 10.5, 2.5, 12.5 ],
    "faces": {
        "down":  { "uv": [ 10, 16, 16, 6 ], "texture": "#rail2" },
        "up":    { "uv": [ 10, 6, 16, 16 ], "texture": "#rail2" },
        "north": { "uv": [ 14.5, 0.5, 15.5, 1.5 ], "texture": "#rail2" },
        "south": { "uv": [ 14.5, 0.5, 15.5, 1.5 ], "texture": "#rail2" },
        "west":  { "uv": [ 14.5, 0.5, 15.5, 1.5 ], "texture": "#rail2" },
        "east":  { "uv": [ 14.5, 0.5, 15.5, 1.5 ], "texture": "#rail2" }
    }
},
{
    "from": [ 1.5, 0, 6 ],
    "to": [ 5, 1.5, 10 ],
    "faces": {
        "down":  { "uv": [ 12, 3, 14, 0 ], "texture": "#rail" },
        "up":    { "uv": [ 14.5, 0.5, 15.5, 1.5 ], "texture": "#rail" },
        "north": { "uv": [ 12, 3, 14, 0 ], "rotation": 90, "texture": "#rail" },
        "south": { "uv": [ 12, 3, 14, 0 ], "rotation": 90, "texture": "#rail" },
        "west":  { "uv": [ 12, 3, 14, 0 ], "rotation": 90, "texture": "#rail" },
        "east":  { "uv": [ 12, 3, 14, 0 ], "rotation": 90, "texture": "#rail" }
    }
},
{
    "from": [ 5, 0, 7 ],
    "to": [ 11, 1, 9 ],
    "faces": {
        "down":  { "uv": [ 0, 0, 3, 3 ], "rotation": 90, "texture": "#rail" },
        "up":    { "uv": [ 0, 0, 3, 3 ], "rotation": 90, "texture": "#rail" },
        "north": { "uv": [ 14.5, 0.5, 15.5, 1.5 ], "texture": "#rail" },
        "south": { "uv": [ 14.5, 0.5, 15.5, 1.5 ], "texture": "#rail" }
    }
},
{
    "from": [ 11, 0, 6 ],
    "to": [ 14.5, 1.5, 10 ],
    "faces": {
        "down":  { "uv": [ 12, 3, 14, 0 ], "texture": "#rail" },
        "up":    { "uv": [ 14.5, 0.5, 15.5, 1.5 ], "texture": "#rail" },
        "north": { "uv": [ 12, 3, 14, 0 ], "rotation": 90, "texture": "#rail" },
        "south": { "uv": [ 12, 3, 14, 0 ], "rotation": 90, "texture": "#rail" },
        "west":  { "uv": [ 12, 3, 14, 0 ], "rotation": 90, "texture": "#rail" },
        "east":  { "uv": [ 12, 3, 14, 0 ], "rotation": 90, "texture": "#rail" }
    }
},
{
    "from": [ 2, 1, 6.5 ],
    "to": [ 4.5, 2, 9.5 ],
    "faces": {
        "down":  { "uv": [ 0, 0, 3, 3 ], "texture": "#rail" },
        "up":    { "uv": [ 8, 0, 11, 3 ], "texture": "#rail2" },
        "west":  { "uv": [ 14.5, 0.5, 15.5, 1.5 ], "texture": "#rail" },
        "east":  { "uv": [ 14.5, 0.5, 15.5, 1.5 ], "texture": "#rail" }
    }
},
{
    "from": [ 2, 1, 9.5 ],
    "to": [ 4.5, 2, 16 ],
    "faces": {
        "down":  { "uv": [ 0, 0, 3, 3 ], "texture": "#rail" },
        "up":    { "uv": [ 0, 0, 3, 3 ], "texture": "#rail" },
        "south": { "uv": [ 0, 0, 3, 1 ], "texture": "#rail", "cullface": "south" },
        "west":  { "uv": [ 14.5, 0.5, 15.5, 1.5 ], "texture": "#rail" },
        "east":  { "uv": [ 14.5, 0.5, 15.5, 1.5 ], "texture": "#rail" }
    }
},
{
    "from": [ 11.5, 1, 6.5 ],
    "to": [ 14, 2, 9.5 ],
    "faces": {
        "down":  { "uv": [ 0, 0, 3, 3 ], "texture": "#rail" },
        "up":    { "uv": [ 8, 0, 11, 3 ], "texture": "#rail2" },
        "west":  { "uv": [ 14.5, 0.5, 15.5, 1.5 ], "texture": "#rail" },
        "east":  { "uv": [ 14.5, 0.5, 15.5, 1.5 ], "texture": "#rail" }
    }
},
{
    "from": [ 11.5, 1, 9.5 ],
    "to": [ 14, 2, 16 ],
    "faces": {
        "down":  { "uv": [ 0, 0, 3, 3 ], "texture": "#rail" },
        "up":    { "uv": [ 0, 0, 3, 3 ], "texture": "#rail" },
        "south": { "uv": [ 0, 0, 3, 1 ], "texture": "#rail", "cullface": "south" },
        "west":  { "uv": [ 14.5, 0.5, 15.5, 1.5 ], "texture": "#rail" },
        "east":  { "uv": [ 14.5, 0.5, 15.5, 1.5 ], "texture": "#rail" }
    }
},
{
    "from": [ 7, 0.5, 3.5 ],
    "to": [ 9, 1, 7 ],
    "faces": {
        "down":  { "uv": [ 0, 0, 3, 3 ], "texture": "#rail" },
        "up":    { "uv": [ 0, 0, 3, 3 ], "texture": "#rail" },
        "west":  { "uv": [ 14.5, 0.5, 15.5, 1.5 ], "texture": "#rail" },
        "east":  { "uv": [ 14.5, 0.5, 15.5, 1.5 ], "texture": "#rail" }
    }
},
{
    "from": [ 7, 0.5, 9 ],
    "to": [ 9, 1, 13 ],
    "faces": {
        "down":  { "uv": [ 0, 0, 3, 3 ], "texture": "#rail" },
        "up":    { "uv": [ 0, 0, 3, 3 ], "texture": "#rail" },
        "west":  { "uv": [ 14.5, 0.5, 15.5, 1.5 ], "texture": "#rail" },
        "east":  { "uv": [ 14.5, 0.5, 15.5, 1.5 ], "texture": "#rail" }
    }
},
{
    "from": [ 0, 0.5, 7.75 ],
    "to": [ 1.5, 1, 8.25 ],
    "faces": {
        "down":  { "uv": [ 14.75, 0.5, 15.5, 1.25 ], "texture": "#rail" },
        "up":    { "uv": [ 14.75, 0.5, 15.5, 1.25 ], "texture": "#rail" },
        "north": { "uv": [ 14.75, 0.5, 15.5, 1.25 ], "texture": "#rail" },
        "south": { "uv": [ 14.75, 0.5, 15.5, 1.25 ], "texture": "#rail" },
        "west":  { "uv": [ 14.75, 0.5, 15.5, 1.25 ], "texture": "#rail" }
    }
},
{
    "from": [ 0, 0.5, 7.75 ],
    "to": [ 0.5, 2.5, 8.25 ],
    "faces": {
        "up":    { "uv": [ 14.75, 0.5, 15.5, 1.25 ], "texture": "#rail" },
        "north": { "uv": [ 14.75, 0.5, 15.5, 1.25 ], "texture": "#rail" },
        "south": { "uv": [ 14.75, 0.5, 15.5, 1.25 ], "texture": "#rail" },
        "west":  { "uv": [ 14.75, 0.5, 15.5, 1.25 ], "texture": "#rail" },
        "east":  { "uv": [ 14.75, 0.5, 15.5, 1.25 ], "texture": "#rail" }
    }
},
{
    "from": [ 14.5, 0.5, 7.75 ],
    "to": [ 16, 1, 8.25 ],
    "faces": {
        "down":  { "uv": [ 14.75, 0.5, 15.5, 1.25 ], "texture": "#rail" },
        "up":    { "uv": [ 14.75, 0.5, 15.5, 1.25 ], "texture": "#rail" },
        "north": { "uv": [ 14.75, 0.5, 15.5, 1.25 ], "texture": "#rail" },
        "south": { "uv": [ 14.75, 0.5, 15.5, 1.25 ], "texture": "#rail" },
        "east":  { "uv": [ 14.75, 0.5, 15.5, 1.25 ], "texture": "#rail" }
    }
},
{
    "from": [ 15.5, 0.5, 7.75 ],
    "to": [ 16, 2.5, 8.25 ],
    "faces": {
        "up":    { "uv": [ 14.75, 0.5, 15.5, 1.25 ], "texture": "#rail" },
        "north": { "uv": [ 14.75, 0.5, 15.5, 1.25 ], "texture": "#rail" },
        "south": { "uv": [ 14.75, 0.5, 15.5, 1.25 ], "texture": "#rail" },
        "west":  { "uv": [ 14.75, 0.5, 15.5, 1.25 ], "texture": "#rail" },
        "east":  { "uv": [ 14.75, 0.5, 15.5, 1.25 ], "texture": "#rail" }
    }
},
{
    "from": [ 1.5, 1, 1.75 ],
    "to": [ 5, 1.5, 2.75 ],
    "faces": {
        "up":    { "uv": [ 14.5, 0.5, 15.5, 1.5 ], "texture": "#rail" },
        "north": { "uv": [ 14.5, 0.5, 15.5, 1.5 ], "texture": "#rail" },
        "south": { "uv": [ 14.5, 0.5, 15.5, 1.5 ], "texture": "#rail" },
        "west":  { "uv": [ 14.5, 0.5, 15.5, 1.5 ], "texture": "#rail" },
        "east":  { "uv": [ 14.5, 0.5, 15.5, 1.5 ], "texture": "#rail" }
    }
},
{
    "from": [ 11, 1, 1.75 ],
    "to": [ 14.5, 1.5, 2.75 ],
    "faces": {
        "up":    { "uv": [ 14.5, 0.5, 15.5, 1.5 ], "texture": "#rail" },
        "north": { "uv": [ 14.5, 0.5, 15.5, 1.5 ], "texture": "#rail" },
        "south": { "uv": [ 14.5, 0.5, 15.5, 1.5 ], "texture": "#rail" },
        "west":  { "uv": [ 14.5, 0.5, 15.5, 1.5 ], "texture": "#rail" },
        "east":  { "uv": [ 14.5, 0.5, 15.5, 1.5 ], "texture": "#rail" }
    }
},
{
    "from": [ 1.5, 1, 13.75 ],
    "to": [ 5, 1.5, 14.75 ],
    "faces": {
        "up":    { "uv": [ 14.5, 0.5, 15.5, 1.5 ], "texture": "#rail" },
        "north": { "uv": [ 14.5, 0.5, 15.5, 1.5 ], "texture": "#rail" },
        "south": { "uv": [ 14.5, 0.5, 15.5, 1.5 ], "texture": "#rail" },
        "west":  { "uv": [ 14.5, 0.5, 15.5, 1.5 ], "texture": "#rail" },
        "east":  { "uv": [ 14.5, 0.5, 15.5, 1.5 ], "texture": "#rail" }
    }
},
{
    "from": [ 11, 1, 13.75 ],
    "to": [ 14.5, 1.5, 14.75 ],
    "faces": {
        "up":    { "uv": [ 14.5, 0.5, 15.5, 1.5 ], "texture": "#rail" },
        "north": { "uv": [ 14.5, 0.5, 15.5, 1.5 ], "texture": "#rail" },
        "south": { "uv": [ 14.5, 0.5, 15.5, 1.5 ], "texture": "#rail" },
        "west":  { "uv": [ 14.5, 0.5, 15.5, 1.5 ], "texture": "#rail" },
        "east":  { "uv": [ 14.5, 0.5, 15.5, 1.5 ], "texture": "#rail" }
    }
}
]
}