{
"__comment": "Designed by Sphax with BDcraft Cubik PRO 0.90 Beta - http://bdcraft.net",
"ambientocclusion": false,
"textures": {
    "particle": "block/3d/rail_01",
    "rail": "block/3d/rail_01",
    "rail2": "block/3d/rail_02"
},
"elements": [ 
{
    "from": [ 2, 17, 0 ],
    "to": [ 4.5, 18, 16 ],
    "rotation": { "origin": [ 2, 18, 0 ], "axis": "x", "angle": 45, "rescale": true },
    "faces": {
        "down":  { "uv": [ 0, 0, 3, 3 ], "texture": "#rail" },
        "up":    { "uv": [ 0, 0, 3, 3 ], "texture": "#rail" },
        "north": { "uv": [ 0, 0, 3, 1 ], "texture": "#rail", "cullface": "north" },
        "south": { "uv": [ 0, 0, 3, 1 ], "texture": "#rail", "cullface": "south" },
        "west":  { "uv": [ 14.5, 0.5, 15.5, 1.5 ], "texture": "#rail" },
        "east":  { "uv": [ 14.5, 0.5, 15.5, 1.5 ], "texture": "#rail" }
    }
},
{
    "from": [ 11.5, 17, 0 ],
    "to": [ 14, 18, 16 ],
    "rotation": { "origin": [ 11.5, 18, 0 ], "axis": "x", "angle": 45, "rescale": true },
    "faces": {
        "down":  { "uv": [ 0, 0, 3, 3 ], "texture": "#rail" },
        "up":    { "uv": [ 0, 0, 3, 3 ], "texture": "#rail" },
        "north": { "uv": [ 0, 0, 3, 1 ], "texture": "#rail", "cullface": "north" },
        "south": { "uv": [ 0, 0, 3, 1 ], "texture": "#rail", "cullface": "south" },
        "west":  { "uv": [ 14.5, 0.5, 15.5, 1.5 ], "texture": "#rail" },
        "east":  { "uv": [ 14.5, 0.5, 15.5, 1.5 ], "texture": "#rail" }
    }
},
{
    "from": [ 1, 15, 1 ],
    "to": [ 15, 16, 3.5 ],
    "rotation": { "origin": [ 1, 16, 1 ], "axis": "x", "angle": 45 },
    "faces": {
        "down":  { "uv": [ 0, 3, 14, 6 ], "texture": "#rail" },
        "up":    { "uv": [ 0, 3, 14, 6 ], "texture": "#rail" },
        "north": { "uv": [ 0, 5.5, 14, 6 ], "texture": "#rail" },
        "south": { "uv": [ 0, 5.5, 14, 6 ], "texture": "#rail" },
        "west":  { "uv": [ 0, 3, 0.5, 6 ], "rotation": 270, "texture": "#rail" },
        "east":  { "uv": [ 13.5, 3, 14, 6 ], "rotation": 90, "texture": "#rail" }
    }
},
{
    "from": [ 4.5, 9, 7 ],
    "to": [ 11.5, 10, 10 ],
    "rotation": { "origin": [ 4.5, 10, 7 ], "axis": "x", "angle": 45 },
    "faces": {
        "down":  { "uv": [ 0, 0, 3, 3 ], "rotation": 90, "texture": "#rail" },
        "up":    { "uv": [ 0, 0, 3, 3 ], "rotation": 90, "texture": "#rail" },
        "north": { "uv": [ 14.5, 0.5, 15.5, 1.5 ], "texture": "#rail" },
        "south": { "uv": [ 14.5, 0.5, 15.5, 1.5 ], "texture": "#rail" }
    }
},
{
    "from": [ 1, 3, 13 ],
    "to": [ 15, 4, 15.5 ],
    "rotation": { "origin": [ 1, 4, 13 ], "axis": "x", "angle": 45 },
    "faces": {
        "down":  { "uv": [ 0, 12, 14, 15 ], "texture": "#rail" },
        "up":    { "uv": [ 0, 12, 14, 15 ], "texture": "#rail" },
        "north": { "uv": [ 0, 14.5, 14, 15 ], "texture": "#rail" },
        "south": { "uv": [ 0, 14.5, 14, 15 ], "texture": "#rail" },
        "west":  { "uv": [ 0, 12, 0.5, 15 ], "rotation": 270, "texture": "#rail" },
        "east":  { "uv": [ 13.5, 12, 14, 15 ], "rotation": 90, "texture": "#rail" }
    }
},
{
    "from": [ 2.5, 0, 0 ],
    "to": [ 4, 16.5, 1.5 ],
    "faces": {
        "down":  { "uv": [ 14.5, 0.5, 15.5, 1.5 ], "texture": "#rail", "cullface": "down" },
        "north": { "uv": [ 0, 0, 3, 3 ], "texture": "#rail", "cullface": "north" },
        "south": { "uv": [ 0, 0, 3, 3 ], "texture": "#rail" },
        "west":  { "uv": [ 0, 0, 3, 3 ], "texture": "#rail" },
        "east":  { "uv": [ 0, 0, 3, 3 ], "texture": "#rail" }
    }
},
{
    "from": [ 2.5, 0, 6 ],
    "to": [ 4, 10, 7.5 ],
    "faces": {
        "down":  { "uv": [ 14.5, 0.5, 15.5, 1.5 ], "texture": "#rail", "cullface": "down" },
        "north": { "uv": [ 0, 0, 3, 3 ], "texture": "#rail" },
        "south": { "uv": [ 0, 0, 3, 3 ], "texture": "#rail" },
        "west":  { "uv": [ 0, 0, 3, 3 ], "texture": "#rail" },
        "east":  { "uv": [ 0, 0, 3, 3 ], "texture": "#rail" }
    }
},
{
    "from": [ 2.5, 0, 12 ],
    "to": [ 4, 4, 13.5 ],
    "faces": {
        "down":  { "uv": [ 14.5, 0.5, 15.5, 1.5 ], "texture": "#rail", "cullface": "down" },
        "north": { "uv": [ 0, 0, 3, 3 ], "texture": "#rail" },
        "south": { "uv": [ 0, 0, 3, 3 ], "texture": "#rail" },
        "west":  { "uv": [ 0, 0, 3, 3 ], "texture": "#rail" },
        "east":  { "uv": [ 0, 0, 3, 3 ], "texture": "#rail" }
    }
},
{
    "from": [ 12, 0, 12 ],
    "to": [ 13.5, 4, 13.5 ],
    "faces": {
        "down":  { "uv": [ 14.5, 0.5, 15.5, 1.5 ], "texture": "#rail", "cullface": "down" },
        "north": { "uv": [ 0, 0, 3, 3 ], "texture": "#rail" },
        "south": { "uv": [ 0, 0, 3, 3 ], "texture": "#rail" },
        "west":  { "uv": [ 0, 0, 3, 3 ], "texture": "#rail" },
        "east":  { "uv": [ 0, 0, 3, 3 ], "texture": "#rail" }
    }
},
{
    "from": [ 12, 0, 6 ],
    "to": [ 13.5, 10, 7.5 ],
    "faces": {
        "down":  { "uv": [ 14.5, 0.5, 15.5, 1.5 ], "texture": "#rail", "cullface": "down" },
        "north": { "uv": [ 0, 0, 3, 3 ], "texture": "#rail" },
        "south": { "uv": [ 0, 0, 3, 3 ], "texture": "#rail" },
        "west":  { "uv": [ 0, 0, 3, 3 ], "texture": "#rail" },
        "east":  { "uv": [ 0, 0, 3, 3 ], "texture": "#rail" }
    }
},
{
    "from": [ 12, 0, 0 ],
    "to": [ 13.5, 16.5, 1.5 ],
    "faces": {
        "down":  { "uv": [ 14.5, 0.5, 15.5, 1.5 ], "texture": "#rail", "cullface": "down" },
        "north": { "uv": [ 0, 0, 3, 3 ], "texture": "#rail", "cullface": "north" },
        "south": { "uv": [ 0, 0, 3, 3 ], "texture": "#rail" },
        "west":  { "uv": [ 0, 0, 3, 3 ], "texture": "#rail" },
        "east":  { "uv": [ 0, 0, 3, 3 ], "texture": "#rail" }
    }
},
{
    "from": [ 6.75, 13.5, 2.4375 ],
    "to": [ 9.25, 14.5, 17.4375 ],
    "rotation": { "origin": [ 6.75, 14.5, 2.4375 ], "axis": "x", "angle": 45 },
    "faces": {
        "down":  { "uv": [ 0, 0, 3, 3 ], "texture": "#rail" },
        "up":    { "uv": [ 0, 0, 3, 3 ], "texture": "#rail" },
        "north": { "uv": [ 0, 0, 3, 1 ], "texture": "#rail", "cullface": "north" },
        "south": { "uv": [ 0, 0, 3, 1 ], "texture": "#rail", "cullface": "south" },
        "west":  { "uv": [ 14.5, 0.5, 15.5, 1.5 ], "texture": "#rail" },
        "east":  { "uv": [ 14.5, 0.5, 15.5, 1.5 ], "texture": "#rail" }
    }
},
{
    "from": [ 1.5, 8.75, 6.75 ],
    "to": [ 5, 10.75, 10.75 ],
    "rotation": { "origin": [ 1.5, 10.75, 6.75 ], "axis": "x", "angle": 45 },
    "faces": {
        "down":  { "uv": [ 12, 0, 14, 3 ], "texture": "#rail" },
        "up":    { "uv": [ 14.5, 0.5, 15.5, 1.5 ], "texture": "#rail" },
        "north": { "uv": [ 12, 3, 14, 0 ], "rotation": 90, "texture": "#rail" },
        "south": { "uv": [ 12, 3, 14, 0 ], "rotation": 90, "texture": "#rail" },
        "west":  { "uv": [ 12, 3, 14, 0 ], "rotation": 90, "texture": "#rail" },
        "east":  { "uv": [ 12, 3, 14, 0 ], "rotation": 90, "texture": "#rail" }
    }
},
{
    "from": [ 11, 8.75, 6.75 ],
    "to": [ 14.5, 10.75, 10.75 ],
    "rotation": { "origin": [ 11, 10.75, 6.75 ], "axis": "x", "angle": 45 },
    "faces": {
        "down":  { "uv": [ 12, 0, 14, 3 ], "texture": "#rail" },
        "up":    { "uv": [ 14.5, 0.5, 15.5, 1.5 ], "texture": "#rail" },
        "north": { "uv": [ 12, 3, 14, 0 ], "rotation": 90, "texture": "#rail" },
        "south": { "uv": [ 12, 3, 14, 0 ], "rotation": 90, "texture": "#rail" },
        "west":  { "uv": [ 12, 3, 14, 0 ], "rotation": 90, "texture": "#rail" },
        "east":  { "uv": [ 12, 3, 14, 0 ], "rotation": 90, "texture": "#rail" }
    }
},
{
    "from": [ 5.5, 12.75, 5.25 ],
    "to": [ 10.5, 13.75, 16.25 ],
    "rotation": { "origin": [ 5.5, 13.75, 5.25 ], "axis": "x", "angle": 45 },
    "faces": {
        "down":  { "uv": [ 10, 6, 16, 16 ], "texture": "#rail2" },
        "up":    { "uv": [ 10, 6, 16, 16 ], "texture": "#rail2" },
        "north": { "uv": [ 14.75, 0.5, 15.5, 1.25 ], "texture": "#rail2" },
        "south": { "uv": [ 14.75, 0.5, 15.5, 1.25 ], "texture": "#rail2" },
        "west":  { "uv": [ 14.75, 0.5, 15.5, 1.25 ], "texture": "#rail2" },
        "east":  { "uv": [ 14.75, 0.5, 15.5, 1.25 ], "texture": "#rail2" }
    }
},
{
    "from": [ 2, 10.6875, 7.26 ],
    "to": [ 4.5, 10.75, 10.26 ],
    "rotation": { "origin": [ 2, 10.75, 7.26 ], "axis": "x", "angle": 45 },
    "faces": {
        "up":    { "uv": [ 8, 0, 11, 2.75 ], "texture": "#rail2" }
    }
},
{
    "from": [ 11.5, 10.6875, 7.26 ],
    "to": [ 14, 10.75, 10.26 ],
    "rotation": { "origin": [ 11.5, 10.75, 7.26 ], "axis": "x", "angle": 45 },
    "faces": {
        "up":    { "uv": [ 8, 0, 11, 2.75 ], "texture": "#rail2" }
    }
}
]
}