{
	"__comment": "Designed by Sphax with BDcraft Cubik PRO 0.90 Beta - http://bdcraft.net",
	"parent": "block/block",
	"textures": {
		"particle": "block/furnace_side",
		"front": "block/furnace_front",
		"side": "block/furnace_side",
		"cap": "block/3d/furnace_top",
		"cobblestone": "block/3d/cobblestone_darken",
		"crossbow": "block/3d/crossbow"
	},
	"elements": [ 	 
		{
			"from": [ 14, 1, 2 ],
			"to": [ 15, 13, 14 ],
			"faces": {
				"west": { "uv": [ 2, 3, 16, 15 ], "texture": "#cobblestone", "cullface": "north" },
				"east": { "uv": [ 2, 3, 14, 15 ], "texture": "#side", "cullface": "east" }
			}
		},
		{
			"from": [ 1, 1, 2 ],
			"to": [ 2, 13, 14 ],
			"faces": {
				"west": { "uv": [ 2, 3, 14, 15 ], "texture": "#side", "cullface": "west" },
				"east": { "uv": [ 16, 3, 2, 15 ], "texture": "#cobblestone", "cullface": "north" }
			}
		},
		{
			"from": [ 2, 0.5, 2 ],
			"to": [ 14, 1, 14 ],
			"faces": {
				"down": { "uv": [ 2, 14, 14, 5 ], "texture": "#side", "cullface": "down" },
				"up": { "uv": [ 1, 1, 16, 15 ], "texture": "#cobblestone", "cullface": "north", "rotation": 90 }
			}
		},
		{
			"from": [ 2, 1, 11.5 ],
			"to": [ 14, 13, 15 ],
			"faces": {
				"north": { "uv": [ 3, 1.5, 16, 14.5 ], "texture": "#cobblestone", "cullface": "north", "rotation": 270 },
				"south": { "uv": [ 2, 3, 14, 15 ], "texture": "#side", "cullface": "south" }
			}
		},
		{
			"from": [ 6.5, 5, 2 ],
			"to": [ 9.5, 6, 5 ],
			"faces": {
				"down": { "uv": [ 2, 1, 5, 4 ], "texture": "#crossbow", "cullface": "north", "rotation": 180 },
				"up": { "uv": [ 5, 1, 8, 4 ], "texture": "#crossbow", "cullface": "north" },
				"west": { "uv": [ 0, 0, 3, 1 ], "texture": "#crossbow", "cullface": "north" },
				"east": { "uv": [ 0, 0, 3, 1 ], "texture": "#crossbow", "cullface": "north" }
			}
		},
		{
			"from": [ 5.5, 5, 1 ],
			"to": [ 10.5, 6, 2 ],
			"faces": {
				"down": { "uv": [ 2, 0, 7, 1 ], "texture": "#crossbow", "cullface": "north" },
				"up": { "uv": [ 2, 0, 7, 1 ], "texture": "#crossbow", "cullface": "north" },
				"north": { "uv": [ 2, 0, 7, 1 ], "texture": "#crossbow", "cullface": "north" }
			}
		},
		{
			"from": [ 6.5, 4, 5 ],
			"to": [ 9.5, 6, 11.5 ],
			"faces": {
				"down": { "uv": [ 2, 1, 5, 7.5 ], "texture": "#crossbow", "cullface": "north", "rotation": 180 },
				"up": { "uv": [ 5, 3.5, 8, 10 ], "texture": "#crossbow", "cullface": "north" },
				"north": { "uv": [ 2, 8, 5, 10 ], "texture": "#crossbow", "cullface": "north" },
				"west": { "uv": [ 2, 10, 5, 1 ], "texture": "#crossbow", "cullface": "north", "rotation": 90 },
				"east": { "uv": [ 2, 1, 5, 10 ], "texture": "#crossbow", "cullface": "north", "rotation": 90 }
			}
		},
		{
			"from": [ 10.5, 4.9575, 1 ],
			"to": [ 13.5, 5.9375, 1.75 ],
			"rotation": { "origin": [ 10.5, 4.9575, 1 ], "axis": "y", "angle": -45 },
			"faces": {
				"down": { "uv": [ 2, 0, 6, 1 ], "texture": "#crossbow", "cullface": "north" },
				"up": { "uv": [ 2, 0, 6, 1 ], "texture": "#crossbow", "cullface": "north" },
				"north": { "uv": [ 2, 0, 6, 1 ], "texture": "#crossbow", "cullface": "north" },
				"south": { "uv": [ 2, 0, 6, 1 ], "texture": "#crossbow", "cullface": "north" }
			}
		},
		{
			"from": [ 3.375, 4.9575, 3.125 ],
			"to": [ 6.375, 5.9375, 3.875 ],
			"rotation": { "origin": [ 3.375, 4.9575, 3.125 ], "axis": "y", "angle": 45 },
			"faces": {
				"down": { "uv": [ 2, 0, 6, 1 ], "texture": "#crossbow", "cullface": "north" },
				"up": { "uv": [ 2, 0, 6, 1 ], "texture": "#crossbow", "cullface": "north" },
				"north": { "uv": [ 2, 0, 6, 1 ], "texture": "#crossbow", "cullface": "north" },
				"south": { "uv": [ 2, 0, 6, 1 ], "texture": "#crossbow", "cullface": "north" }
			}
		},
		{
			"from": [ 7.5, 4.5, 0.25 ],
			"to": [ 8.75, 5, 2 ],
			"faces": {
				"down": { "uv": [ 0, 12, 1, 14 ], "texture": "#crossbow", "cullface": "north" },
				"up": { "uv": [ 0, 12, 1, 14 ], "texture": "#crossbow", "cullface": "north" },
				"north": { "uv": [ 0, 15, 1, 16 ], "texture": "#crossbow", "cullface": "north" },
				"west": { "uv": [ 0, 12, 1, 14 ], "texture": "#crossbow", "cullface": "north", "rotation": 90 },
				"east": { "uv": [ 0, 12, 1, 14 ], "texture": "#crossbow", "cullface": "north", "rotation": 90 }
			}
		},
		{
			"from": [ 7.75, 6.25, -0.5 ],
			"to": [ 8.5, 7, 8 ],
			"faces": {
				"down": { "uv": [ 0, 10, 1, 1 ], "texture": "#crossbow", "cullface": "north" },
				"up": { "uv": [ 0, 1, 1, 10 ], "texture": "#crossbow", "cullface": "north" },
				"north": { "uv": [ 0, 1, 1, 2 ], "texture": "#crossbow", "cullface": "north" },
				"west": { "uv": [ 0, 1, 1, 10 ], "texture": "#crossbow", "cullface": "north", "rotation": 270 },
				"east": { "uv": [ 0, 1, 1, 10 ], "texture": "#crossbow", "cullface": "north", "rotation": 90 }
			}
		},
		{
			"from": [ 3.75, 6.25, 3.5 ],
			"to": [ 10, 6.75, 3.75 ],
			"rotation": { "origin": [ 3.75, 6.25, 3.5 ], "axis": "y", "angle": -45 },
			"faces": {
				"down": { "uv": [ 9.5, 1, 10, 10 ], "texture": "#crossbow", "cullface": "north", "rotation": 90 },
				"up": { "uv": [ 9, 1, 9.5, 10 ], "texture": "#crossbow", "cullface": "north", "rotation": 90 },
				"north": { "uv": [ 9, 1, 10, 10 ], "texture": "#crossbow", "cullface": "north", "rotation": 90 }
			}
		},
		{
			"from": [ 3, 4.75, 3 ],
			"to": [ 3.75, 7, 3.75 ],
			"faces": {
				"down": { "uv": [ 0, 15, 1, 16 ], "texture": "#crossbow", "cullface": "north" },
				"up": { "uv": [ 0, 15, 1, 16 ], "texture": "#crossbow", "cullface": "north" },
				"north": { "uv": [ 0, 12, 1, 14 ], "texture": "#crossbow", "cullface": "north" },
				"west": { "uv": [ 0, 12, 1, 14 ], "texture": "#crossbow", "cullface": "north" },
				"east": { "uv": [ 0, 12, 1, 14 ], "texture": "#crossbow", "cullface": "north" }
			}
		},
		{
			"from": [ 12, 4.75, 3 ],
			"to": [ 12.75, 7, 3.75 ],
			"faces": {
				"down": { "uv": [ 0, 15, 1, 16 ], "texture": "#crossbow", "cullface": "north" },
				"up": { "uv": [ 0, 15, 1, 16 ], "texture": "#crossbow", "cullface": "north" },
				"north": { "uv": [ 0, 12, 1, 14 ], "texture": "#crossbow", "cullface": "north" },
				"west": { "uv": [ 0, 12, 1, 14 ], "texture": "#crossbow", "cullface": "north" },
				"east": { "uv": [ 0, 12, 1, 14 ], "texture": "#crossbow", "cullface": "north" }
			}
		},
		{
			"from": [ 8.25, 6.25, 7.75 ],
			"to": [ 14.25, 6.75, 8 ],
			"rotation": { "origin": [ 8.25, 6.25, 7.75 ], "axis": "y", "angle": 45 },
			"faces": {
				"down": { "uv": [ 9.5, 1, 10, 10 ], "texture": "#crossbow", "cullface": "north", "rotation": 90 },
				"up": { "uv": [ 9, 1, 9.5, 10 ], "texture": "#crossbow", "cullface": "north", "rotation": 90 },
				"north": { "uv": [ 9, 1, 10, 10 ], "texture": "#crossbow", "cullface": "north", "rotation": 90 }
			}
		},
		{
			"from": [ 5.5, 1, 9 ],
			"to": [ 6.5, 7, 11.5 ],
			"faces": {
				"up": { "uv": [ 0, 12, 1, 14 ], "texture": "#crossbow", "cullface": "north" },
				"north": { "uv": [ 11, 2, 12, 8 ], "texture": "#crossbow", "cullface": "north" },
				"west": { "uv": [ 12, 0, 16, 7 ], "texture": "#crossbow", "cullface": "north" },
				"east": { "uv": [ 12, 0, 16, 7 ], "texture": "#crossbow", "cullface": "north" }
			}
		},
		{
			"from": [ 9.5, 1, 9 ],
			"to": [ 10.5, 7, 11.5 ],
			"faces": {
				"up": { "uv": [ 0, 12, 1, 14 ], "texture": "#crossbow", "cullface": "north" },
				"north": { "uv": [ 12, 2, 11, 8 ], "texture": "#crossbow", "cullface": "north" },
				"west": { "uv": [ 12, 0, 16, 7 ], "texture": "#crossbow", "cullface": "north" },
				"east": { "uv": [ 12, 0, 16, 7 ], "texture": "#crossbow", "cullface": "north" }
			}
		},
		{
			"from": [ 10.5, 1, 9 ],
			"to": [ 12, 2, 11.5 ],
			"faces": {
				"up": { "uv": [ 4, 13, 7, 16 ], "texture": "#crossbow", "cullface": "north" },
				"north": { "uv": [ 14, 7, 12, 8 ], "texture": "#crossbow", "cullface": "north" },
				"east": { "uv": [ 0, 12, 1, 14 ], "texture": "#crossbow", "cullface": "north", "rotation": 90 }
			}
		},
		{
			"from": [ 4, 1, 9 ],
			"to": [ 5.5, 2, 11.5 ],
			"faces": {
				"up": { "uv": [ 4, 13, 7, 16 ], "texture": "#crossbow", "cullface": "north" },
				"north": { "uv": [ 12, 7, 14, 8 ], "texture": "#crossbow", "cullface": "north" },
				"west": { "uv": [ 0, 12, 1, 14 ], "texture": "#crossbow", "cullface": "north", "rotation": 90 }
			}
		},
		{
			"from": [ 5, 11, 5 ],
			"to": [ 11, 13, 11 ],
			"faces": {
				"down": { "uv": [ 7, 13, 9, 16 ], "texture": "#crossbow", "cullface": "north" },
				"north": { "uv": [ 10, 13, 16, 16 ], "texture": "#crossbow", "cullface": "north" },
				"west": { "uv": [ 10, 13, 16, 16 ], "texture": "#crossbow", "cullface": "north" },
				"east": { "uv": [ 10, 13, 16, 16 ], "texture": "#crossbow", "cullface": "north" }
			}
		},
		{
			"from": [ 7, 9, 7 ],
			"to": [ 9, 11, 9 ],
			"faces": {
				"down": { "uv": [ 4, 10, 7, 13 ], "texture": "#crossbow", "cullface": "north" },
				"north": { "uv": [ 7, 14, 9, 16 ], "texture": "#crossbow", "cullface": "north" },
				"west": { "uv": [ 7, 14, 9, 16 ], "texture": "#crossbow", "cullface": "north" },
				"east": { "uv": [ 7, 14, 9, 16 ], "texture": "#crossbow", "cullface": "north" }
			}
		},
		{
			"from": [ 11, 11, 7.5 ],
			"to": [ 16.5, 12, 8.5 ],
			"rotation": { "origin": [ 11, 12, 7.5 ], "axis": "z", "angle": -45 },
			"faces": {
				"down": { "uv": [ 11, 3, 12, 6.25 ], "texture": "#crossbow", "cullface": "north", "rotation": 90 },
				"up": { "uv": [ 11, 3, 12, 6.25 ], "texture": "#crossbow", "cullface": "north", "rotation": 90 },
				"north": { "uv": [ 11, 3.25, 12, 6.5 ], "texture": "#crossbow", "cullface": "north", "rotation": 90 }
			}
		},
		{
			"from": [ 1.25, 7, 7.5 ],
			"to": [ 6.75, 8, 8.5 ],
			"rotation": { "origin": [ 1.25, 8, 7.5 ], "axis": "z", "angle": 45 },
			"faces": {
				"down": { "uv": [ 11, 3, 12, 5 ], "texture": "#crossbow", "cullface": "north", "rotation": 90 },
				"up": { "uv": [ 11, 3, 12, 5 ], "texture": "#crossbow", "cullface": "north", "rotation": 90 },
				"north": { "uv": [ 11, 3, 12, 5 ], "texture": "#crossbow", "cullface": "north", "rotation": 90 }
			}
		},
		{
			"from": [ 0, 13, 14 ],
			"to": [ 16, 16, 16 ],
			"faces": {
				"down": { "uv": [ 16, 2, 0, 0 ], "texture": "#cap", "cullface": "south", "rotation": 180 },
				"up": { "uv": [ 0, 14, 16, 16 ], "texture": "#cap", "cullface": "up" },
				"north": { "uv": [ 0, 0, 16, 3 ], "texture": "#cap", "cullface": "up" },
				"south": { "uv": [ 0, 0, 16, 3 ], "texture": "#side", "cullface": "south" },
				"west": { "uv": [ 14, 0, 16, 3 ], "texture": "#side", "cullface": "west" },
				"east": { "uv": [ 0, 0, 2, 3 ], "texture": "#side", "cullface": "east" }
			}
		},
		{
			"from": [ 14, 13, 2 ],
			"to": [ 16, 16, 14 ],
			"faces": {
				"down": { "uv": [ 16, 14, 14, 2 ], "texture": "#cap", "cullface": "east", "rotation": 180 },
				"up": { "uv": [ 14, 2, 16, 14 ], "texture": "#cap", "cullface": "up" },
				"west": { "uv": [ 2, 0, 14, 3 ], "texture": "#cap", "cullface": "up" },
				"east": { "uv": [ 2, 0, 14, 3 ], "texture": "#side", "cullface": "east" }
			}
		},
		{
			"from": [ 0, 13, 2 ],
			"to": [ 2, 16, 14 ],
			"faces": {
				"down": { "uv": [ 2, 14, 0, 2 ], "texture": "#cap", "cullface": "west", "rotation": 180 },
				"up": { "uv": [ 0, 2, 2, 14 ], "texture": "#cap", "cullface": "up" },
				"west": { "uv": [ 2, 0, 14, 3 ], "texture": "#side", "cullface": "west" },
				"east": { "uv": [ 2, 0, 14, 3 ], "texture": "#cap", "cullface": "up" }
			}
		},
		{
			"from": [ 0, 13, 0 ],
			"to": [ 16, 16, 2 ],
			"faces": {
				"down": { "uv": [ 16, 16, 0, 14 ], "texture": "#cap", "cullface": "north", "rotation": 180 },
				"up": { "uv": [ 0, 0, 16, 2 ], "texture": "#cap", "cullface": "up" },
				"north": { "uv": [ 0, 0, 16, 3 ], "texture": "#front", "cullface": "north" },
				"south": { "uv": [ 0, 0, 16, 3 ], "texture": "#cap", "cullface": "up" },
				"west": { "uv": [ 0, 0, 2, 3 ], "texture": "#side", "cullface": "west" },
				"east": { "uv": [ 14, 0, 16, 3 ], "texture": "#side", "cullface": "east" }
			}
		},
		{
			"from": [ 0, 0, 14 ],
			"to": [ 16, 1, 16 ],
			"faces": {
				"down": { "uv": [ 16, 2, 0, 0 ], "texture": "#cap", "cullface": "down", "rotation": 180 },
				"up": { "uv": [ 0, 0, 16, 2 ], "texture": "#cap", "cullface": "south", "rotation": 180 },
				"north": { "uv": [ 0, 15, 16, 16 ], "texture": "#front", "cullface": "down" },
				"south": { "uv": [ 0, 15, 16, 16 ], "texture": "#side", "cullface": "south" },
				"west": { "uv": [ 14, 15, 16, 16 ], "texture": "#side", "cullface": "west" },
				"east": { "uv": [ 0, 15, 2, 16 ], "texture": "#side", "cullface": "east" }
			}
		},
		{
			"from": [ 14, 2, 0 ],
			"to": [ 16, 11, 2 ],
			"faces": {
				"north": { "uv": [ 0, 5, 2, 14 ], "texture": "#front", "cullface": "north" },
				"south": { "uv": [ 14, 5, 16, 14 ], "texture": "#side", "cullface": "east" },
				"west": { "uv": [ 0, 5, 2, 14 ], "texture": "#side", "cullface": "north" },
				"east": { "uv": [ 14, 5, 16, 14 ], "texture": "#side", "cullface": "east" }
			}
		},
		{
			"from": [ 0, 2, 0 ],
			"to": [ 2, 11, 2 ],
			"faces": {
				"north": { "uv": [ 14, 5, 16, 14 ], "texture": "#front", "cullface": "north" },
				"south": { "uv": [ 0, 5, 2, 14 ], "texture": "#side", "cullface": "west" },
				"west": { "uv": [ 0, 5, 2, 14 ], "texture": "#side", "cullface": "west" },
				"east": { "uv": [ 14, 5, 16, 14 ], "texture": "#side", "cullface": "north" }
			}
		},
		{
			"from": [ 2, 13, 2 ],
			"to": [ 14, 15.5, 14 ],
			"faces": {
				"down": { "uv": [ 2, 2, 14, 14 ], "texture": "#cobblestone", "cullface": "north", "rotation": 270 },
				"up": { "uv": [ 2, 2, 14, 14 ], "texture": "#cap", "cullface": "up" }
			}
		},
		{
			"from": [ 2, 0.5, 2 ],
			"to": [ 14, 1, 14 ],
			"faces": {
				"down": { "uv": [ 2, 14, 14, 5 ], "texture": "#side", "cullface": "down" },
				"up": { "uv": [ 2, 2, 14, 14 ], "texture": "#cobblestone", "cullface": "north", "rotation": 90 }
			}
		},
		{
			"from": [ 0, 0, 0 ],
			"to": [ 16, 1, 2 ],
			"faces": {
				"down": { "uv": [ 16, 16, 0, 14 ], "texture": "#cap", "cullface": "down", "rotation": 180 },
				"up": { "uv": [ 0, 14, 16, 16 ], "texture": "#cap", "cullface": "north", "rotation": 180 },
				"north": { "uv": [ 0, 15, 16, 16 ], "texture": "#front", "cullface": "north" },
				"south": { "uv": [ 0, 15, 16, 16 ], "texture": "#side", "cullface": "down" },
				"west": { "uv": [ 0, 15, 2, 16 ], "texture": "#side", "cullface": "west" },
				"east": { "uv": [ 14, 15, 16, 16 ], "texture": "#side", "cullface": "east" }
			}
		},
		{
			"from": [ 14, 0, 2 ],
			"to": [ 16, 1, 14 ],
			"faces": {
				"down": { "uv": [ 16, 14, 14, 2 ], "texture": "#cap", "cullface": "down", "rotation": 180 },
				"up": { "uv": [ 0, 2, 2, 14 ], "texture": "#cap", "cullface": "east", "rotation": 180 },
				"west": { "uv": [ 2, 15, 14, 16 ], "texture": "#side", "cullface": "down" },
				"east": { "uv": [ 2, 15, 14, 16 ], "texture": "#side", "cullface": "east" }
			}
		},
		{
			"from": [ 0, 0, 2 ],
			"to": [ 2, 1, 14 ],
			"faces": {
				"down": { "uv": [ 2, 14, 0, 2 ], "texture": "#cap", "cullface": "down", "rotation": 180 },
				"up": { "uv": [ 14, 2, 16, 14 ], "texture": "#cap", "cullface": "west", "rotation": 180 },
				"west": { "uv": [ 2, 15, 14, 16 ], "texture": "#side", "cullface": "west" },
				"east": { "uv": [ 2, 15, 14, 16 ], "texture": "#side", "cullface": "down" }
			}
		},
		{
			"from": [ 14, 2, 14 ],
			"to": [ 16, 11, 16 ],
			"faces": {
				"north": { "uv": [ 0, 5, 2, 14 ], "texture": "#front", "cullface": "east" },
				"south": { "uv": [ 14, 5, 16, 14 ], "texture": "#side", "cullface": "south" },
				"west": { "uv": [ 14, 5, 16, 14 ], "texture": "#side", "cullface": "south" },
				"east": { "uv": [ 0, 5, 2, 14 ], "texture": "#side", "cullface": "east" }
			}
		},
		{
			"from": [ 13, 1, 0 ],
			"to": [ 16, 2, 1 ],
			"faces": {
				"up": { "uv": [ 8, 6, 9, 7 ], "texture": "#front", "cullface": "north" },
				"north": { "uv": [ 0, 14, 3, 15 ], "texture": "#front", "cullface": "north" },
				"west": { "uv": [ 0, 14, 1, 15 ], "texture": "#side", "cullface": "north" },
				"east": { "uv": [ 2, 14, 3, 15 ], "texture": "#side", "cullface": "east" }
			}
		},
		{
			"from": [ 0, 2, 14 ],
			"to": [ 2, 11, 16 ],
			"faces": {
				"north": { "uv": [ 14, 5, 16, 14 ], "texture": "#front", "cullface": "west" },
				"south": { "uv": [ 0, 5, 2, 14 ], "texture": "#side", "cullface": "south" },
				"west": { "uv": [ 14, 5, 16, 14 ], "texture": "#side", "cullface": "west" },
				"east": { "uv": [ 0, 5, 2, 14 ], "texture": "#side", "cullface": "south" }
			}
		},
		{
			"from": [ 13, 1, 1 ],
			"to": [ 16, 2, 3 ],
			"faces": {
				"up": { "uv": [ 8, 6, 9, 7 ], "texture": "#front", "cullface": "east" },
				"south": { "uv": [ 13, 14, 16, 15 ], "texture": "#side", "cullface": "east" },
				"west": { "uv": [ 1, 14, 3, 15 ], "texture": "#front", "cullface": "north" },
				"east": { "uv": [ 0, 14, 2, 15 ], "texture": "#side", "cullface": "east" }
			}
		},
		{
			"from": [ 13, 1, 13 ],
			"to": [ 16, 2, 14 ],
			"faces": {
				"up": { "uv": [ 0, 14, 0.5, 16 ], "texture": "#front", "cullface": "east", "rotation": 270 },
				"north": { "uv": [ 0, 14, 3, 15 ], "texture": "#front", "cullface": "east" },
				"east": { "uv": [ 2, 14, 3, 15 ], "texture": "#side", "cullface": "east" }
			}
		},
		{
			"from": [ 13, 1, 14 ],
			"to": [ 16, 2, 16 ],
			"faces": {
				"up": { "uv": [ 0, 14, 3, 16 ], "texture": "#front", "cullface": "south" },
				"south": { "uv": [ 13, 14, 16, 15 ], "texture": "#side", "cullface": "south" },
				"west": { "uv": [ 13, 14, 16, 15 ], "texture": "#side", "cullface": "south" },
				"east": { "uv": [ 0, 14, 2, 15 ], "texture": "#side", "cullface": "east" }
			}
		},
		{
			"from": [ 0, 1, 13 ],
			"to": [ 3, 2, 14 ],
			"faces": {
				"up": { "uv": [ 0, 14, 0.5, 16 ], "texture": "#front", "cullface": "west", "rotation": 270 },
				"north": { "uv": [ 0, 14, 3, 15 ], "texture": "#front", "cullface": "west" },
				"west": { "uv": [ 14.5, 14, 15.5, 15 ], "texture": "#side", "cullface": "west" }
			}
		},
		{
			"from": [ 0, 1, 14 ],
			"to": [ 3, 2, 16 ],
			"faces": {
				"up": { "uv": [ 0, 14, 3, 16 ], "texture": "#front", "cullface": "south" },
				"south": { "uv": [ 13, 14, 16, 15 ], "texture": "#side", "cullface": "south" },
				"west": { "uv": [ 13, 14, 16, 15 ], "texture": "#side", "cullface": "west" },
				"east": { "uv": [ 0, 14, 2, 15 ], "texture": "#side", "cullface": "east" }
			}
		},
		{
			"from": [ 0, 1, 0 ],
			"to": [ 3, 2, 1 ],
			"faces": {
				"up": { "uv": [ 8, 6, 9, 7 ], "texture": "#front", "cullface": "north" },
				"north": { "uv": [ 0, 14, 3, 15 ], "texture": "#front", "cullface": "north" },
				"west": { "uv": [ 13, 14, 14, 15 ], "texture": "#side", "cullface": "west" },
				"east": { "uv": [ 2, 14, 3, 15 ], "texture": "#side", "cullface": "north" }
			}
		},
		{
			"from": [ 0, 1, 1 ],
			"to": [ 3, 2, 3 ],
			"faces": {
				"up": { "uv": [ 8, 6, 9, 7 ], "texture": "#front", "cullface": "west" },
				"south": { "uv": [ 13, 14, 16, 15 ], "texture": "#side", "cullface": "west" },
				"west": { "uv": [ 13, 14, 16, 15 ], "texture": "#side", "cullface": "west" },
				"east": { "uv": [ 13, 14, 15, 15 ], "texture": "#front", "cullface": "north" }
			}
		},
		{
			"from": [ 15, 12, 0 ],
			"to": [ 16, 13, 4 ],
			"faces": {
				"down": { "uv": [ 0, 3, 4, 4 ], "texture": "#front", "cullface": "east", "rotation": 270 },
				"north": { "uv": [ 0, 3, 1, 4 ], "texture": "#front", "cullface": "north" },
				"south": { "uv": [ 0, 3, 1, 4 ], "texture": "#front", "cullface": "east" },
				"east": { "uv": [ 12, 3, 16, 4 ], "texture": "#front", "cullface": "east" }
			}
		},
		{
			"from": [ 12, 12, 0 ],
			"to": [ 15, 13, 2 ],
			"faces": {
				"down": { "uv": [ 8, 0, 9, 2 ], "texture": "#cap", "cullface": "north" },
				"north": { "uv": [ 1, 3, 4, 4 ], "texture": "#front", "cullface": "north" },
				"west": { "uv": [ 0, 3, 1, 4 ], "texture": "#front", "cullface": "north" }
			}
		},
		{
			"from": [ 0, 12, 0 ],
			"to": [ 1, 13, 4 ],
			"faces": {
				"down": { "uv": [ 0, 3, 4, 4 ], "texture": "#front", "cullface": "west", "rotation": 270 },
				"north": { "uv": [ 15, 3, 16, 4 ], "texture": "#front", "cullface": "north" },
				"south": { "uv": [ 0, 3, 1, 4 ], "texture": "#front", "cullface": "west" },
				"west": { "uv": [ 0, 3, 4, 4 ], "texture": "#front", "cullface": "west" }
			}
		},
		{
			"from": [ 1, 12, 0 ],
			"to": [ 4, 13, 2 ],
			"faces": {
				"down": { "uv": [ 8, 0, 9, 2 ], "texture": "#cap", "cullface": "north" },
				"north": { "uv": [ 12, 3, 15, 4 ], "texture": "#front", "cullface": "north" },
				"east": { "uv": [ 15, 3, 16, 4 ], "texture": "#front", "cullface": "north" }
			}
		},
		{
			"from": [ 15, 12, 12 ],
			"to": [ 16, 13, 16 ],
			"faces": {
				"down": { "uv": [ 0, 3, 4, 4 ], "texture": "#front", "cullface": "east", "rotation": 270 },
				"north": { "uv": [ 0, 3, 1, 4 ], "texture": "#front", "cullface": "east" },
				"south": { "uv": [ 15, 3, 16, 4 ], "texture": "#front", "cullface": "south" },
				"east": { "uv": [ 12, 3, 16, 4 ], "texture": "#front", "cullface": "east" }
			}
		},
		{
			"from": [ 12, 12, 15 ],
			"to": [ 15, 13, 16 ],
			"faces": {
				"down": { "uv": [ 0, 3, 3, 4 ], "texture": "#front", "cullface": "south" },
				"south": { "uv": [ 12, 3, 15, 4 ], "texture": "#front", "cullface": "south" },
				"west": { "uv": [ 0, 3, 1, 4 ], "texture": "#front", "cullface": "south" }
			}
		},
		{
			"from": [ 0, 12, 12 ],
			"to": [ 1, 13, 16 ],
			"faces": {
				"down": { "uv": [ 0, 3, 4, 4 ], "texture": "#front", "cullface": "west", "rotation": 270 },
				"north": { "uv": [ 14.5, 3, 15.5, 4 ], "texture": "#front", "cullface": "west" },
				"south": { "uv": [ 0, 3, 1, 4 ], "texture": "#front", "cullface": "south" },
				"west": { "uv": [ 0, 3, 4, 4 ], "texture": "#front", "cullface": "west" }
			}
		},
		{
			"from": [ 1, 12, 15 ],
			"to": [ 4, 13, 16 ],
			"faces": {
				"down": { "uv": [ 0, 3, 3, 4 ], "texture": "#front", "cullface": "south" },
				"south": { "uv": [ 1, 3, 4, 4 ], "texture": "#front", "cullface": "south" },
				"east": { "uv": [ 15, 3, 16, 4 ], "texture": "#front", "cullface": "south" }
			}
		},
		{
			"from": [ 0, 11, 0 ],
			"to": [ 1, 12, 3 ],
			"faces": {
				"down": { "uv": [ 0, 4, 3, 5 ], "texture": "#front", "cullface": "west", "rotation": 270 },
				"north": { "uv": [ 15, 4, 16, 5 ], "texture": "#front", "cullface": "north" },
				"south": { "uv": [ 0, 4, 1, 5 ], "texture": "#front", "cullface": "west" },
				"west": { "uv": [ 0, 4, 3, 5 ], "texture": "#front", "cullface": "west" }
			}
		},
		{
			"from": [ 1, 11, 0 ],
			"to": [ 3, 12, 2 ],
			"faces": {
				"down": { "uv": [ 8, 0, 9, 2 ], "texture": "#cap", "cullface": "north" },
				"north": { "uv": [ 13, 4, 15, 5 ], "texture": "#front", "cullface": "north" },
				"east": { "uv": [ 15, 4, 16, 5 ], "texture": "#front", "cullface": "north" }
			}
		},
		{
			"from": [ 15, 11, 13 ],
			"to": [ 16, 12, 16 ],
			"faces": {
				"down": { "uv": [ 13, 4, 16, 5 ], "texture": "#front", "cullface": "east", "rotation": 270 },
				"north": { "uv": [ 0, 4, 1, 5 ], "texture": "#front", "cullface": "east" },
				"south": { "uv": [ 14, 4, 15, 5 ], "texture": "#front", "cullface": "south" },
				"east": { "uv": [ 13, 4, 16, 5 ], "texture": "#front", "cullface": "east" }
			}
		},
		{
			"from": [ 13, 11, 15 ],
			"to": [ 15, 12, 16 ],
			"faces": {
				"down": { "uv": [ 0, 4, 3, 5 ], "texture": "#front", "cullface": "south" },
				"south": { "uv": [ 13, 4, 15, 5 ], "texture": "#front", "cullface": "south" },
				"west": { "uv": [ 0, 4, 1, 5 ], "texture": "#front", "cullface": "south" }
			}
		},
		{
			"from": [ 15, 11, 0 ],
			"to": [ 16, 12, 3 ],
			"faces": {
				"down": { "uv": [ 13, 4, 16, 5 ], "texture": "#front", "cullface": "east", "rotation": 270 },
				"north": { "uv": [ 0, 4, 1, 5 ], "texture": "#front", "cullface": "north" },
				"south": { "uv": [ 14, 4, 15, 5 ], "texture": "#front", "cullface": "east" },
				"east": { "uv": [ 13, 4, 16, 5 ], "texture": "#front", "cullface": "east" }
			}
		},
		{
			"from": [ 13, 11, 0 ],
			"to": [ 15, 12, 2 ],
			"faces": {
				"down": { "uv": [ 8, 0, 9, 2 ], "texture": "#cap", "cullface": "north" },
				"north": { "uv": [ 1, 4, 3, 5 ], "texture": "#front", "cullface": "north" },
				"west": { "uv": [ 0, 4, 1, 5 ], "texture": "#front", "cullface": "north" }
			}
		},
		{
			"from": [ 0, 11, 13 ],
			"to": [ 1, 12, 16 ],
			"faces": {
				"down": { "uv": [ 0, 4, 3, 5 ], "texture": "#front", "cullface": "west", "rotation": 270 },
				"north": { "uv": [ 15, 4, 16, 5 ], "texture": "#front", "cullface": "west" },
				"south": { "uv": [ 0, 4, 1, 5 ], "texture": "#front", "cullface": "south" },
				"west": { "uv": [ 0, 4, 3, 5 ], "texture": "#front", "cullface": "west" }
			}
		},
		{
			"from": [ 1, 11, 15 ],
			"to": [ 3, 12, 16 ],
			"faces": {
				"down": { "uv": [ 0.5, 4, 2.5, 5 ], "texture": "#front", "cullface": "south" },
				"south": { "uv": [ 1, 4, 3, 5 ], "texture": "#front", "cullface": "south" },
				"east": { "uv": [ 15, 4, 16, 5 ], "texture": "#front", "cullface": "south" }
			}
		},
		{
			"from": [ 0, 1, 1 ],
			"to": [ 3, 2, 3 ],
			"faces": {
				"up": { "uv": [ 8, 6, 9, 7 ], "texture": "#front", "cullface": "north" }
			}
		},
		{
			"from": [ 13, 1, 1 ],
			"to": [ 16, 2, 3 ],
			"faces": {
				"up": { "uv": [ 8, 6, 9, 7 ], "texture": "#front", "cullface": "north" }
			}
		}
	]
}