{
"__comment": "Designed by Sphax with BDcraft Cubik PRO 0.90 Beta - http://bdcraft.net",
"parent": "block/block",
"textures": {
    "particle": "block/3d/enchanting_table",
    "side": "block/3d/enchanting_table",
    "up": "block/3d/enchanting_table_top",
    "down": "block/obsidian",
    "side2": "block/3d/enchanting_table_side"
},
"elements": [ 
{
    "__comment": "Diamond",
    "from": [ -1.5, 8, 1.125 ],
    "to": [ 2.375, 12.5, 5 ],
    "rotation": { "origin": [ -1.5, 8, 1.125 ], "axis": "y", "angle": 45 },
    "faces": {
        "down":  { "uv": [ 12, 0, 16, 4 ], "texture": "#side" },
        "up":    { "uv": [ 12, 0, 16, 4 ], "rotation": 90, "texture": "#side" },
        "north": { "uv": [ 0, 0, 4, 4 ], "texture": "#side" },
        "south": { "uv": [ 0, 0, 4, 4 ], "texture": "#side" },
        "west":  { "uv": [ 0, 0, 4, 4 ], "texture": "#side" },
        "east":  { "uv": [ 0, 0, 4, 4 ], "texture": "#side" }
    }
},
{
    "__comment": "Diamond",
    "from": [ 15, 8, -1.625 ],
    "to": [ 18.875, 12.5, 2.25 ],
    "rotation": { "origin": [ 15, 8, -1.625 ], "axis": "y", "angle": -45 },
    "faces": {
        "down":  { "uv": [ 12, 0, 16, 4 ], "texture": "#side" },
        "up":    { "uv": [ 12, 0, 16, 4 ], "texture": "#side" },
        "north": { "uv": [ 0, 0, 4, 4 ], "texture": "#side" },
        "south": { "uv": [ 0, 0, 4, 4 ], "texture": "#side" },
        "west":  { "uv": [ 0, 0, 4, 4 ], "texture": "#side" },
        "east":  { "uv": [ 0, 0, 4, 4 ], "texture": "#side" }
    }
},
{
    "__comment": "Diamond",
    "from": [ 12.25, 8, 14.875 ],
    "to": [ 16.125, 12.5, 18.75 ],
    "rotation": { "origin": [ 12.25, 8, 14.875 ], "axis": "y", "angle": 45 },
    "faces": {
        "down":  { "uv": [ 12, 4, 16, 0 ], "texture": "#side" },
        "up":    { "uv": [ 12, 0, 16, 4 ], "rotation": 90, "texture": "#side" },
        "north": { "uv": [ 0, 0, 4, 4 ], "texture": "#side" },
        "south": { "uv": [ 0, 0, 4, 4 ], "texture": "#side" },
        "west":  { "uv": [ 0, 0, 4, 4 ], "texture": "#side" },
        "east":  { "uv": [ 0, 0, 4, 4 ], "texture": "#side" }
    }
},
{
    "__comment": "Diamond",
    "from": [ 1.25, 8, 12.25 ],
    "to": [ 5.125, 12.5, 16.125 ],
    "rotation": { "origin": [ 1.25, 8, 12.25 ], "axis": "y", "angle": -45 },
    "faces": {
        "down":  { "uv": [ 12, 4, 16, 0 ], "texture": "#side" },
        "up":    { "uv": [ 12, 0, 16, 4 ], "texture": "#side" },
        "north": { "uv": [ 0, 0, 4, 4 ], "texture": "#side" },
        "south": { "uv": [ 0, 0, 4, 4 ], "texture": "#side" },
        "west":  { "uv": [ 0, 0, 4, 4 ], "texture": "#side" },
        "east":  { "uv": [ 0, 0, 4, 4 ], "texture": "#side" }
    }
},
{
    "__comment": "ClothTop",
    "from": [ 0, 9, 0 ],
    "to": [ 16, 12, 16 ],
    "faces": {
        "up":    { "uv": [ 0, 0, 16, 16 ], "texture": "#up" },
        "north": { "uv": [ 0, 4, 16, 7 ], "texture": "#side", "cullface": "north" },
        "south": { "uv": [ 0, 4, 16, 7 ], "texture": "#side", "cullface": "south" },
        "west":  { "uv": [ 0, 4, 16, 7 ], "texture": "#side", "cullface": "west" },
        "east":  { "uv": [ 0, 4, 16, 7 ], "texture": "#side", "cullface": "east" }
    }
},
{
    "__comment": "Cloth",
    "from": [ 3.125, 8.875, 15.5 ],
    "to": [ 12.875, 9, 16 ],
    "faces": {
        "south": { "uv": [ 3.125, 7, 12.875, 7.125 ], "texture": "#side", "cullface": "south" }
    }
},
{
    "__comment": "Cloth",
    "from": [ 3.25, 8.75, 15.5 ],
    "to": [ 12.75, 8.875, 16 ],
    "faces": {
        "south": { "uv": [ 3.25, 7.125, 12.75, 7.25 ], "texture": "#side", "cullface": "south" }
    }
},
{
    "__comment": "Cloth",
    "from": [ 3.375, 8.625, 15.5 ],
    "to": [ 12.625, 8.75, 16 ],
    "faces": {
        "south": { "uv": [ 3.375, 7.25, 12.625, 7.375 ], "texture": "#side", "cullface": "south" }
    }
},
{
    "__comment": "Cloth",
    "from": [ 3.5, 8.5, 15.5 ],
    "to": [ 12.5, 8.625, 16 ],
    "faces": {
        "south": { "uv": [ 3.5, 7.375, 12.5, 7.5 ], "texture": "#side", "cullface": "south" }
    }
},
{
    "__comment": "Cloth",
    "from": [ 3.625, 8.375, 15.5 ],
    "to": [ 12.375, 8.5, 16 ],
    "faces": {
        "south": { "uv": [ 3.625, 7.5, 12.375, 7.625 ], "texture": "#side", "cullface": "south" }
    }
},
{
    "__comment": "Cloth",
    "from": [ 3.75, 8.25, 15.5 ],
    "to": [ 12.25, 8.375, 16 ],
    "faces": {
        "south": { "uv": [ 3.75, 7.625, 12.25, 7.75 ], "texture": "#side", "cullface": "south" }
    }
},
{
    "__comment": "Cloth",
    "from": [ 3.875, 8.125, 15.5 ],
    "to": [ 12.125, 8.25, 16 ],
    "faces": {
        "south": { "uv": [ 3.875, 7.75, 12.125, 7.875 ], "texture": "#side", "cullface": "south" }
    }
},
{
    "__comment": "Cloth",
    "from": [ 4, 8, 15.5 ],
    "to": [ 12, 8.125, 16 ],
    "faces": {
        "south": { "uv": [ 4, 7.875, 12, 8 ], "texture": "#side", "cullface": "south" }
    }
},
{
    "__comment": "Cloth",
    "from": [ 4.125, 7.875, 15.5 ],
    "to": [ 11.875, 8, 16 ],
    "faces": {
        "south": { "uv": [ 4.125, 8, 11.875, 8.125 ], "texture": "#side", "cullface": "south" }
    }
},
{
    "__comment": "Cloth",
    "from": [ 4.25, 7.75, 15.5 ],
    "to": [ 11.75, 7.875, 16 ],
    "faces": {
        "south": { "uv": [ 4.25, 8.125, 11.75, 8.25 ], "texture": "#side", "cullface": "south" }
    }
},
{
    "__comment": "Cloth",
    "from": [ 4.375, 7.625, 15.5 ],
    "to": [ 11.625, 7.75, 16 ],
    "faces": {
        "south": { "uv": [ 4.375, 8.25, 11.625, 8.375 ], "texture": "#side", "cullface": "south" }
    }
},
{
    "__comment": "Cloth",
    "from": [ 4.5, 7.5, 15.5 ],
    "to": [ 11.5, 7.625, 16 ],
    "faces": {
        "south": { "uv": [ 4.5, 8.375, 11.5, 8.5 ], "texture": "#side", "cullface": "south" }
    }
},
{
    "__comment": "Cloth",
    "from": [ 4.625, 7.375, 15.5 ],
    "to": [ 11.375, 7.5, 16 ],
    "faces": {
        "south": { "uv": [ 4.625, 8.5, 11.375, 8.625 ], "texture": "#side", "cullface": "south" }
    }
},
{
    "__comment": "Cloth",
    "from": [ 4.75, 7.25, 15.5 ],
    "to": [ 11.25, 7.375, 16 ],
    "faces": {
        "south": { "uv": [ 4.75, 8.625, 11.25, 8.75 ], "texture": "#side", "cullface": "south" }
    }
},
{
    "__comment": "Cloth",
    "from": [ 4.875, 7.125, 15.5 ],
    "to": [ 11.125, 7.25, 16 ],
    "faces": {
        "south": { "uv": [ 4.875, 8.75, 11.125, 8.875 ], "texture": "#side", "cullface": "south" }
    }
},
{
    "__comment": "Cloth",
    "from": [ 5, 7, 15.5 ],
    "to": [ 11, 7.125, 16 ],
    "faces": {
        "south": { "uv": [ 5, 8.875, 11, 9 ], "texture": "#side", "cullface": "south" }
    }
},
{
    "__comment": "Cloth",
    "from": [ 5.125, 6.875, 15.5 ],
    "to": [ 10.875, 7, 16 ],
    "faces": {
        "south": { "uv": [ 5.125, 9, 10.875, 9.125 ], "texture": "#side", "cullface": "south" }
    }
},
{
    "__comment": "Cloth",
    "from": [ 5.25, 6.75, 15.5 ],
    "to": [ 10.75, 6.875, 16 ],
    "faces": {
        "south": { "uv": [ 5.25, 9.125, 10.75, 9.25 ], "texture": "#side", "cullface": "south" }
    }
},
{
    "__comment": "Cloth",
    "from": [ 5.375, 6.625, 15.5 ],
    "to": [ 10.625, 6.75, 16 ],
    "faces": {
        "south": { "uv": [ 5.375, 9.25, 10.625, 9.375 ], "texture": "#side", "cullface": "south" }
    }
},
{
    "__comment": "Cloth",
    "from": [ 5.5, 6.5, 15.5 ],
    "to": [ 10.5, 6.625, 16 ],
    "faces": {
        "south": { "uv": [ 5.5, 9.375, 10.5, 9.5 ], "texture": "#side", "cullface": "south" }
    }
},
{
    "__comment": "Cloth",
    "from": [ 5.625, 6.375, 15.5 ],
    "to": [ 10.375, 6.5, 16 ],
    "faces": {
        "south": { "uv": [ 5.625, 9.5, 10.375, 9.625 ], "texture": "#side", "cullface": "south" }
    }
},
{
    "__comment": "Cloth",
    "from": [ 5.75, 6.25, 15.5 ],
    "to": [ 10.25, 6.375, 16 ],
    "faces": {
        "south": { "uv": [ 5.75, 9.625, 10.25, 9.75 ], "texture": "#side", "cullface": "south" }
    }
},
{
    "__comment": "Cloth",
    "from": [ 5.875, 6.125, 15.5 ],
    "to": [ 10.125, 6.25, 16 ],
    "faces": {
        "south": { "uv": [ 5.875, 9.75, 10.125, 9.875 ], "texture": "#side", "cullface": "south" }
    }
},
{
    "__comment": "Cloth",
    "from": [ 6, 6, 15.5 ],
    "to": [ 10, 6.125, 16 ],
    "faces": {
        "south": { "uv": [ 6, 9.875, 10, 10 ], "texture": "#side", "cullface": "south" }
    }
},
{
    "__comment": "Cloth",
    "from": [ 6.125, 5.875, 15.5 ],
    "to": [ 9.875, 6, 16 ],
    "faces": {
        "south": { "uv": [ 6.125, 10, 9.875, 10.125 ], "texture": "#side", "cullface": "south" }
    }
},
{
    "__comment": "Cloth",
    "from": [ 6.25, 5.75, 15.5 ],
    "to": [ 9.75, 5.875, 16 ],
    "faces": {
        "south": { "uv": [ 6.25, 10.125, 9.75, 10.25 ], "texture": "#side", "cullface": "south" }
    }
},
{
    "__comment": "Cloth",
    "from": [ 6.375, 5.625, 15.5 ],
    "to": [ 9.625, 5.75, 16 ],
    "faces": {
        "south": { "uv": [ 6.375, 10.25, 9.625, 10.375 ], "texture": "#side", "cullface": "south" }
    }
},
{
    "__comment": "Cloth",
    "from": [ 6.5, 5.5, 15.5 ],
    "to": [ 9.5, 5.625, 16 ],
    "faces": {
        "south": { "uv": [ 6.5, 10.375, 9.5, 10.5 ], "texture": "#side", "cullface": "south" }
    }
},
{
    "__comment": "Cloth",
    "from": [ 6.625, 5.375, 15.5 ],
    "to": [ 9.375, 5.5, 16 ],
    "faces": {
        "south": { "uv": [ 6.625, 10.5, 9.375, 10.625 ], "texture": "#side", "cullface": "south" }
    }
},
{
    "__comment": "Cloth",
    "from": [ 6.75, 5.25, 15.5 ],
    "to": [ 9.25, 5.375, 16 ],
    "faces": {
        "south": { "uv": [ 6.75, 10.625, 9.25, 10.75 ], "texture": "#side", "cullface": "south" }
    }
},
{
    "__comment": "Cloth",
    "from": [ 6.875, 5.125, 15.5 ],
    "to": [ 9.125, 5.25, 16 ],
    "faces": {
        "south": { "uv": [ 6.875, 10.75, 9.125, 10.875 ], "texture": "#side", "cullface": "south" }
    }
},
{
    "__comment": "Cloth",
    "from": [ 7, 5, 15.5 ],
    "to": [ 9, 5.125, 16 ],
    "faces": {
        "south": { "uv": [ 7, 10.875, 9, 11 ], "texture": "#side", "cullface": "south" }
    }
},
{
    "__comment": "Cloth",
    "from": [ 7.125, 4.875, 15.5 ],
    "to": [ 8.875, 5, 16 ],
    "faces": {
        "south": { "uv": [ 7.125, 11, 8.875, 11.125 ], "texture": "#side", "cullface": "south" }
    }
},
{
    "__comment": "Cloth",
    "from": [ 7.25, 4.75, 15.5 ],
    "to": [ 8.75, 4.875, 16 ],
    "faces": {
        "south": { "uv": [ 7.25, 11.125, 8.75, 11.25 ], "texture": "#side", "cullface": "south" }
    }
},
{
    "__comment": "Cloth",
    "from": [ 7.375, 4.625, 15.5 ],
    "to": [ 8.625, 4.75, 16 ],
    "faces": {
        "south": { "uv": [ 7.375, 11.25, 8.625, 11.375 ], "texture": "#side", "cullface": "south" }
    }
},
{
    "__comment": "Cloth",
    "from": [ 7.5, 4.5, 15.5 ],
    "to": [ 8.5, 4.625, 16 ],
    "faces": {
        "south": { "uv": [ 7.5, 11.375, 8.5, 11.5 ], "texture": "#side", "cullface": "south" }
    }
},
{
    "__comment": "Cloth",
    "from": [ 7.625, 4.375, 15.5 ],
    "to": [ 8.375, 4.5, 16 ],
    "faces": {
        "south": { "uv": [ 7.625, 11.5, 8.375, 11.625 ], "texture": "#side", "cullface": "south" }
    }
},
{
    "__comment": "Cloth",
    "from": [ 7.75, 4.25, 15.5 ],
    "to": [ 8.25, 4.375, 16 ],
    "faces": {
        "south": { "uv": [ 7.75, 11.625, 8.25, 11.75 ], "texture": "#side", "cullface": "south" }
    }
},
{
    "__comment": "Cloth",
    "from": [ 7.875, 4.125, 15.5 ],
    "to": [ 8.125, 4.25, 16 ],
    "faces": {
        "south": { "uv": [ 7.875, 11.75, 8.125, 11.875 ], "texture": "#side", "cullface": "south" }
    }
},
{
    "__comment": "TableCorner",
    "from": [ 0, 1, 0 ],
    "to": [ 1, 8, 1 ],
    "faces": {
        "north": { "uv": [ 15, 8, 16, 15 ], "texture": "#side2", "cullface": "north" },
        "south": { "uv": [ 0, 8, 1, 15 ], "texture": "#side2" },
        "west":  { "uv": [ 0, 8, 1, 15 ], "texture": "#side2", "cullface": "west" },
        "east":  { "uv": [ 15, 8, 16, 15 ], "texture": "#side2" }
    }
},
{
    "__comment": "TableCorner",
    "from": [ 15, 1, 0 ],
    "to": [ 16, 8, 1 ],
    "faces": {
        "north": { "uv": [ 0, 8, 1, 15 ], "texture": "#side2", "cullface": "north" },
        "south": { "uv": [ 15, 8, 16, 15 ], "texture": "#side2" },
        "west":  { "uv": [ 0, 8, 1, 15 ], "texture": "#side2" },
        "east":  { "uv": [ 15, 8, 16, 15 ], "texture": "#side2", "cullface": "east" }
    }
},
{
    "__comment": "TableCorner",
    "from": [ 15, 1, 15 ],
    "to": [ 16, 8, 16 ],
    "faces": {
        "north": { "uv": [ 0, 8, 1, 15 ], "texture": "#side2" },
        "south": { "uv": [ 15, 8, 16, 15 ], "texture": "#side2", "cullface": "south" },
        "west":  { "uv": [ 15, 8, 16, 15 ], "texture": "#side2" },
        "east":  { "uv": [ 0, 8, 1, 15 ], "texture": "#side2", "cullface": "east" }
    }
},
{
    "__comment": "TableCorner",
    "from": [ 0, 1, 15 ],
    "to": [ 1, 8, 16 ],
    "faces": {
        "north": { "uv": [ 15, 8, 16, 15 ], "texture": "#side2" },
        "south": { "uv": [ 0, 8, 1, 15 ], "texture": "#side2", "cullface": "south" },
        "west":  { "uv": [ 15, 8, 16, 15 ], "texture": "#side2", "cullface": "west" },
        "east":  { "uv": [ 0, 8, 1, 15 ], "texture": "#side2" }
    }
},
{
    "__comment": "Table",
    "from": [ 1, 1, 1 ],
    "to": [ 15, 12, 15 ],
    "faces": {
        "north": { "uv": [ 1, 4, 15, 15 ], "texture": "#side2" },
        "south": { "uv": [ 1, 4, 15, 15 ], "texture": "#side2" },
        "west":  { "uv": [ 1, 4, 15, 15 ], "texture": "#side2" },
        "east":  { "uv": [ 1, 4, 15, 15 ], "texture": "#side2" }
    }
},
{
    "__comment": "TableBottom",
    "from": [ 0, 0, 0 ],
    "to": [ 16, 1, 16 ],
    "faces": {
        "down":  { "uv": [ 16, 16, 0, 0 ], "texture": "#down", "cullface": "down" },
        "up":    { "uv": [ 0, 0, 16, 16 ], "texture": "#side2" },
        "north": { "uv": [ 0, 15, 16, 16 ], "texture": "#side2", "cullface": "north" },
        "south": { "uv": [ 0, 15, 16, 16 ], "texture": "#side2", "cullface": "south" },
        "west":  { "uv": [ 0, 15, 16, 16 ], "texture": "#side2", "cullface": "west" },
        "east":  { "uv": [ 0, 15, 16, 16 ], "texture": "#side2", "cullface": "east" }
    }
},
{
    "__comment": "Cloth*",
    "from": [ 0, 8.875, 3.125 ],
    "to": [ 0.5, 9, 12.875 ],
    "faces": {
        "west":  { "uv": [ 3.125, 7, 12.875, 7.125 ], "texture": "#side", "cullface": "west" }
    }
},
{
    "__comment": "Cloth*",
    "from": [ 0, 8.75, 3.25 ],
    "to": [ 0.5, 8.875, 12.75 ],
    "faces": {
        "west":  { "uv": [ 3.25, 7.125, 12.75, 7.25 ], "texture": "#side", "cullface": "west" }
    }
},
{
    "__comment": "Cloth*",
    "from": [ 0, 8.625, 3.375 ],
    "to": [ 0.5, 8.75, 12.625 ],
    "faces": {
        "west":  { "uv": [ 3.375, 7.25, 12.625, 7.375 ], "texture": "#side", "cullface": "west" }
    }
},
{
    "__comment": "Cloth*",
    "from": [ 0, 8.5, 3.5 ],
    "to": [ 0.5, 8.625, 12.5 ],
    "faces": {
        "west":  { "uv": [ 3.5, 7.375, 12.5, 7.5 ], "texture": "#side", "cullface": "west" }
    }
},
{
    "__comment": "Cloth*",
    "from": [ 0, 8.375, 3.625 ],
    "to": [ 0.5, 8.5, 12.375 ],
    "faces": {
        "west":  { "uv": [ 3.625, 7.5, 12.375, 7.625 ], "texture": "#side", "cullface": "west" }
    }
},
{
    "__comment": "Cloth*",
    "from": [ 0, 8.25, 3.75 ],
    "to": [ 0.5, 8.375, 12.25 ],
    "faces": {
        "west":  { "uv": [ 3.75, 7.625, 12.25, 7.75 ], "texture": "#side", "cullface": "west" }
    }
},
{
    "__comment": "Cloth*",
    "from": [ 0, 8.125, 3.875 ],
    "to": [ 0.5, 8.25, 12.125 ],
    "faces": {
        "west":  { "uv": [ 3.875, 7.75, 12.125, 7.875 ], "texture": "#side", "cullface": "west" }
    }
},
{
    "__comment": "Cloth*",
    "from": [ 0, 8, 4 ],
    "to": [ 0.5, 8.125, 12 ],
    "faces": {
        "west":  { "uv": [ 4, 7.875, 12, 8 ], "texture": "#side", "cullface": "west" }
    }
},
{
    "__comment": "Cloth*",
    "from": [ 0, 7.875, 4.125 ],
    "to": [ 0.5, 8, 11.875 ],
    "faces": {
        "west":  { "uv": [ 4.125, 8, 11.875, 8.125 ], "texture": "#side", "cullface": "west" }
    }
},
{
    "__comment": "Cloth*",
    "from": [ 0, 7.75, 4.25 ],
    "to": [ 0.5, 7.875, 11.75 ],
    "faces": {
        "west":  { "uv": [ 4.25, 8.125, 11.75, 8.25 ], "texture": "#side", "cullface": "west" }
    }
},
{
    "__comment": "Cloth*",
    "from": [ 0, 7.625, 4.375 ],
    "to": [ 0.5, 7.75, 11.625 ],
    "faces": {
        "west":  { "uv": [ 4.375, 8.25, 11.625, 8.375 ], "texture": "#side", "cullface": "west" }
    }
},
{
    "__comment": "Cloth*",
    "from": [ 0, 7.5, 4.5 ],
    "to": [ 0.5, 7.625, 11.5 ],
    "faces": {
        "west":  { "uv": [ 4.5, 8.375, 11.5, 8.5 ], "texture": "#side", "cullface": "west" }
    }
},
{
    "__comment": "Cloth*",
    "from": [ 0, 7.375, 4.625 ],
    "to": [ 0.5, 7.5, 11.375 ],
    "faces": {
        "west":  { "uv": [ 4.625, 8.5, 11.375, 8.625 ], "texture": "#side", "cullface": "west" }
    }
},
{
    "__comment": "Cloth*",
    "from": [ 0, 7.25, 4.75 ],
    "to": [ 0.5, 7.375, 11.25 ],
    "faces": {
        "west":  { "uv": [ 4.75, 8.625, 11.25, 8.75 ], "texture": "#side", "cullface": "west" }
    }
},
{
    "__comment": "Cloth*",
    "from": [ 0, 7.125, 4.875 ],
    "to": [ 0.5, 7.25, 11.125 ],
    "faces": {
        "west":  { "uv": [ 4.875, 8.75, 11.125, 8.875 ], "texture": "#side", "cullface": "west" }
    }
},
{
    "__comment": "Cloth*",
    "from": [ 0, 7, 5 ],
    "to": [ 0.5, 7.125, 11 ],
    "faces": {
        "west":  { "uv": [ 5, 8.875, 11, 9 ], "texture": "#side", "cullface": "west" }
    }
},
{
    "__comment": "Cloth*",
    "from": [ 0, 6.875, 5.125 ],
    "to": [ 0.5, 7, 10.875 ],
    "faces": {
        "west":  { "uv": [ 5.125, 9, 10.875, 9.125 ], "texture": "#side", "cullface": "west" }
    }
},
{
    "__comment": "Cloth*",
    "from": [ 0, 6.75, 5.25 ],
    "to": [ 0.5, 6.875, 10.75 ],
    "faces": {
        "west":  { "uv": [ 5.25, 9.125, 10.75, 9.25 ], "texture": "#side", "cullface": "west" }
    }
},
{
    "__comment": "Cloth*",
    "from": [ 0, 6.625, 5.375 ],
    "to": [ 0.5, 6.75, 10.625 ],
    "faces": {
        "west":  { "uv": [ 5.375, 9.25, 10.625, 9.375 ], "texture": "#side", "cullface": "west" }
    }
},
{
    "__comment": "Cloth*",
    "from": [ 0, 6.5, 5.5 ],
    "to": [ 0.5, 6.625, 10.5 ],
    "faces": {
        "west":  { "uv": [ 5.5, 9.375, 10.5, 9.5 ], "texture": "#side", "cullface": "west" }
    }
},
{
    "__comment": "Cloth*",
    "from": [ 0, 6.375, 5.625 ],
    "to": [ 0.5, 6.5, 10.375 ],
    "faces": {
        "west":  { "uv": [ 5.625, 9.5, 10.375, 9.625 ], "texture": "#side", "cullface": "west" }
    }
},
{
    "__comment": "Cloth*",
    "from": [ 0, 6.25, 5.75 ],
    "to": [ 0.5, 6.375, 10.25 ],
    "faces": {
        "west":  { "uv": [ 5.75, 9.625, 10.25, 9.75 ], "texture": "#side", "cullface": "west" }
    }
},
{
    "__comment": "Cloth*",
    "from": [ 0, 6.125, 5.875 ],
    "to": [ 0.5, 6.25, 10.125 ],
    "faces": {
        "west":  { "uv": [ 5.875, 9.75, 10.125, 9.875 ], "texture": "#side", "cullface": "west" }
    }
},
{
    "__comment": "Cloth*",
    "from": [ 0, 6, 6 ],
    "to": [ 0.5, 6.125, 10 ],
    "faces": {
        "west":  { "uv": [ 6, 9.875, 10, 10 ], "texture": "#side", "cullface": "west" }
    }
},
{
    "__comment": "Cloth*",
    "from": [ 0, 5.875, 6.125 ],
    "to": [ 0.5, 6, 9.875 ],
    "faces": {
        "west":  { "uv": [ 6.125, 10, 9.875, 10.125 ], "texture": "#side", "cullface": "west" }
    }
},
{
    "__comment": "Cloth*",
    "from": [ 0, 5.75, 6.25 ],
    "to": [ 0.5, 5.875, 9.75 ],
    "faces": {
        "west":  { "uv": [ 6.25, 10.125, 9.75, 10.25 ], "texture": "#side", "cullface": "west" }
    }
},
{
    "__comment": "Cloth*",
    "from": [ 0, 5.625, 6.375 ],
    "to": [ 0.5, 5.75, 9.625 ],
    "faces": {
        "west":  { "uv": [ 6.375, 10.25, 9.625, 10.375 ], "texture": "#side", "cullface": "west" }
    }
},
{
    "__comment": "Cloth*",
    "from": [ 0, 5.5, 6.5 ],
    "to": [ 0.5, 5.625, 9.5 ],
    "faces": {
        "west":  { "uv": [ 6.5, 10.375, 9.5, 10.5 ], "texture": "#side", "cullface": "west" }
    }
},
{
    "__comment": "Cloth*",
    "from": [ 0, 5.375, 6.625 ],
    "to": [ 0.5, 5.5, 9.375 ],
    "faces": {
        "west":  { "uv": [ 6.625, 10.5, 9.375, 10.625 ], "texture": "#side", "cullface": "west" }
    }
},
{
    "__comment": "Cloth*",
    "from": [ 0, 5.25, 6.75 ],
    "to": [ 0.5, 5.375, 9.25 ],
    "faces": {
        "west":  { "uv": [ 6.75, 10.625, 9.25, 10.75 ], "texture": "#side", "cullface": "west" }
    }
},
{
    "__comment": "Cloth*",
    "from": [ 0, 5.125, 6.875 ],
    "to": [ 0.5, 5.25, 9.125 ],
    "faces": {
        "west":  { "uv": [ 6.875, 10.75, 9.125, 10.875 ], "texture": "#side", "cullface": "west" }
    }
},
{
    "__comment": "Cloth*",
    "from": [ 0, 5, 7 ],
    "to": [ 0.5, 5.125, 9 ],
    "faces": {
        "west":  { "uv": [ 7, 10.875, 9, 11 ], "texture": "#side", "cullface": "west" }
    }
},
{
    "__comment": "Cloth*",
    "from": [ 0, 4.875, 7.125 ],
    "to": [ 0.5, 5, 8.875 ],
    "faces": {
        "west":  { "uv": [ 7.125, 11, 8.875, 11.125 ], "texture": "#side", "cullface": "west" }
    }
},
{
    "__comment": "Cloth*",
    "from": [ 0, 4.75, 7.25 ],
    "to": [ 0.5, 4.875, 8.75 ],
    "faces": {
        "west":  { "uv": [ 7.25, 11.125, 8.75, 11.25 ], "texture": "#side", "cullface": "west" }
    }
},
{
    "__comment": "Cloth*",
    "from": [ 0, 4.625, 7.375 ],
    "to": [ 0.5, 4.75, 8.625 ],
    "faces": {
        "west":  { "uv": [ 7.375, 11.25, 8.625, 11.375 ], "texture": "#side", "cullface": "west" }
    }
},
{
    "__comment": "Cloth*",
    "from": [ 0, 4.5, 7.5 ],
    "to": [ 0.5, 4.625, 8.5 ],
    "faces": {
        "west":  { "uv": [ 7.5, 11.375, 8.5, 11.5 ], "texture": "#side", "cullface": "west" }
    }
},
{
    "__comment": "Cloth*",
    "from": [ 0, 4.375, 7.625 ],
    "to": [ 0.5, 4.5, 8.375 ],
    "faces": {
        "west":  { "uv": [ 7.625, 11.5, 8.375, 11.625 ], "texture": "#side", "cullface": "west" }
    }
},
{
    "__comment": "Cloth*",
    "from": [ 0, 4.25, 7.75 ],
    "to": [ 0.5, 4.375, 8.25 ],
    "faces": {
        "west":  { "uv": [ 7.75, 11.625, 8.25, 11.75 ], "texture": "#side", "cullface": "west" }
    }
},
{
    "__comment": "Cloth*",
    "from": [ 0, 4.125, 7.875 ],
    "to": [ 0.5, 4.25, 8.125 ],
    "faces": {
        "west":  { "uv": [ 7.875, 11.75, 8.125, 11.875 ], "texture": "#side", "cullface": "west" }
    }
},
{
    "__comment": "Cloth*",
    "from": [ 3.125, 8.875, 0 ],
    "to": [ 12.875, 9, 0.5 ],
    "faces": {
        "north": { "uv": [ 3.125, 7, 12.875, 7.125 ], "texture": "#side", "cullface": "north" }
    }
},
{
    "__comment": "Cloth*",
    "from": [ 3.25, 8.75, 0 ],
    "to": [ 12.75, 8.875, 0.5 ],
    "faces": {
        "north": { "uv": [ 3.25, 7.125, 12.75, 7.25 ], "texture": "#side", "cullface": "north" }
    }
},
{
    "__comment": "Cloth*",
    "from": [ 3.375, 8.625, 0 ],
    "to": [ 12.625, 8.75, 0.5 ],
    "faces": {
        "north": { "uv": [ 3.375, 7.25, 12.625, 7.375 ], "texture": "#side", "cullface": "north" }
    }
},
{
    "__comment": "Cloth*",
    "from": [ 3.5, 8.5, 0 ],
    "to": [ 12.5, 8.625, 0.5 ],
    "faces": {
        "north": { "uv": [ 3.5, 7.375, 12.5, 7.5 ], "texture": "#side", "cullface": "north" }
    }
},
{
    "__comment": "Cloth*",
    "from": [ 3.625, 8.375, 0 ],
    "to": [ 12.375, 8.5, 0.5 ],
    "faces": {
        "north": { "uv": [ 3.625, 7.5, 12.375, 7.625 ], "texture": "#side", "cullface": "north" }
    }
},
{
    "__comment": "Cloth*",
    "from": [ 3.75, 8.25, 0 ],
    "to": [ 12.25, 8.375, 0.5 ],
    "faces": {
        "north": { "uv": [ 3.75, 7.625, 12.25, 7.75 ], "texture": "#side", "cullface": "north" }
    }
},
{
    "__comment": "Cloth*",
    "from": [ 3.875, 8.125, 0 ],
    "to": [ 12.125, 8.25, 0.5 ],
    "faces": {
        "north": { "uv": [ 3.875, 7.75, 12.125, 7.875 ], "texture": "#side", "cullface": "north" }
    }
},
{
    "__comment": "Cloth*",
    "from": [ 4, 8, 0 ],
    "to": [ 12, 8.125, 0.5 ],
    "faces": {
        "north": { "uv": [ 4, 7.875, 12, 8 ], "texture": "#side", "cullface": "north" }
    }
},
{
    "__comment": "Cloth*",
    "from": [ 4.125, 7.875, 0 ],
    "to": [ 11.875, 8, 0.5 ],
    "faces": {
        "north": { "uv": [ 4.125, 8, 11.875, 8.125 ], "texture": "#side", "cullface": "north" }
    }
},
{
    "__comment": "Cloth*",
    "from": [ 4.25, 7.75, 0 ],
    "to": [ 11.75, 7.875, 0.5 ],
    "faces": {
        "north": { "uv": [ 4.25, 8.125, 11.75, 8.25 ], "texture": "#side", "cullface": "north" }
    }
},
{
    "__comment": "Cloth*",
    "from": [ 4.375, 7.625, 0 ],
    "to": [ 11.625, 7.75, 0.5 ],
    "faces": {
        "north": { "uv": [ 4.375, 8.25, 11.625, 8.375 ], "texture": "#side", "cullface": "north" }
    }
},
{
    "__comment": "Cloth*",
    "from": [ 4.5, 7.5, 0 ],
    "to": [ 11.5, 7.625, 0.5 ],
    "faces": {
        "north": { "uv": [ 4.5, 8.375, 11.5, 8.5 ], "texture": "#side", "cullface": "north" }
    }
},
{
    "__comment": "Cloth*",
    "from": [ 4.625, 7.375, 0 ],
    "to": [ 11.375, 7.5, 0.5 ],
    "faces": {
        "north": { "uv": [ 4.625, 8.5, 11.375, 8.625 ], "texture": "#side", "cullface": "north" }
    }
},
{
    "__comment": "Cloth*",
    "from": [ 4.75, 7.25, 0 ],
    "to": [ 11.25, 7.375, 0.5 ],
    "faces": {
        "north": { "uv": [ 4.75, 8.625, 11.25, 8.75 ], "texture": "#side", "cullface": "north" }
    }
},
{
    "__comment": "Cloth*",
    "from": [ 4.875, 7.125, 0 ],
    "to": [ 11.125, 7.25, 0.5 ],
    "faces": {
        "north": { "uv": [ 4.875, 8.75, 11.125, 8.875 ], "texture": "#side", "cullface": "north" }
    }
},
{
    "__comment": "Cloth*",
    "from": [ 5, 7, 0 ],
    "to": [ 11, 7.125, 0.5 ],
    "faces": {
        "north": { "uv": [ 5, 8.875, 11, 9 ], "texture": "#side", "cullface": "north" }
    }
},
{
    "__comment": "Cloth*",
    "from": [ 5.125, 6.875, 0 ],
    "to": [ 10.875, 7, 0.5 ],
    "faces": {
        "north": { "uv": [ 5.125, 9, 10.875, 9.125 ], "texture": "#side", "cullface": "north" }
    }
},
{
    "__comment": "Cloth*",
    "from": [ 5.25, 6.75, 0 ],
    "to": [ 10.75, 6.875, 0.5 ],
    "faces": {
        "north": { "uv": [ 5.25, 9.125, 10.75, 9.25 ], "texture": "#side", "cullface": "north" }
    }
},
{
    "__comment": "Cloth*",
    "from": [ 5.375, 6.625, 0 ],
    "to": [ 10.625, 6.75, 0.5 ],
    "faces": {
        "north": { "uv": [ 5.375, 9.25, 10.625, 9.375 ], "texture": "#side", "cullface": "north" }
    }
},
{
    "__comment": "Cloth*",
    "from": [ 5.5, 6.5, 0 ],
    "to": [ 10.5, 6.625, 0.5 ],
    "faces": {
        "north": { "uv": [ 5.5, 9.375, 10.5, 9.5 ], "texture": "#side", "cullface": "north" }
    }
},
{
    "__comment": "Cloth*",
    "from": [ 5.625, 6.375, 0 ],
    "to": [ 10.375, 6.5, 0.5 ],
    "faces": {
        "north": { "uv": [ 5.625, 9.5, 10.375, 9.625 ], "texture": "#side", "cullface": "north" }
    }
},
{
    "__comment": "Cloth*",
    "from": [ 5.75, 6.25, 0 ],
    "to": [ 10.25, 6.375, 0.5 ],
    "faces": {
        "north": { "uv": [ 5.75, 9.625, 10.25, 9.75 ], "texture": "#side", "cullface": "north" }
    }
},
{
    "__comment": "Cloth*",
    "from": [ 5.875, 6.125, 0 ],
    "to": [ 10.125, 6.25, 0.5 ],
    "faces": {
        "north": { "uv": [ 5.875, 9.75, 10.125, 9.875 ], "texture": "#side", "cullface": "north" }
    }
},
{
    "__comment": "Cloth*",
    "from": [ 6, 6, 0 ],
    "to": [ 10, 6.125, 0.5 ],
    "faces": {
        "north": { "uv": [ 6, 9.875, 10, 10 ], "texture": "#side", "cullface": "north" }
    }
},
{
    "__comment": "Cloth*",
    "from": [ 6.125, 5.875, 0 ],
    "to": [ 9.875, 6, 0.5 ],
    "faces": {
        "north": { "uv": [ 6.125, 10, 9.875, 10.125 ], "texture": "#side", "cullface": "north" }
    }
},
{
    "__comment": "Cloth*",
    "from": [ 6.25, 5.75, 0 ],
    "to": [ 9.75, 5.875, 0.5 ],
    "faces": {
        "north": { "uv": [ 6.25, 10.125, 9.75, 10.25 ], "texture": "#side", "cullface": "north" }
    }
},
{
    "__comment": "Cloth*",
    "from": [ 6.375, 5.625, 0 ],
    "to": [ 9.625, 5.75, 0.5 ],
    "faces": {
        "north": { "uv": [ 6.375, 10.25, 9.625, 10.375 ], "texture": "#side", "cullface": "north" }
    }
},
{
    "__comment": "Cloth*",
    "from": [ 6.5, 5.5, 0 ],
    "to": [ 9.5, 5.625, 0.5 ],
    "faces": {
        "north": { "uv": [ 6.5, 10.375, 9.5, 10.5 ], "texture": "#side", "cullface": "north" }
    }
},
{
    "__comment": "Cloth*",
    "from": [ 6.625, 5.375, 0 ],
    "to": [ 9.375, 5.5, 0.5 ],
    "faces": {
        "north": { "uv": [ 6.625, 10.5, 9.375, 10.625 ], "texture": "#side", "cullface": "north" }
    }
},
{
    "__comment": "Cloth*",
    "from": [ 6.75, 5.25, 0 ],
    "to": [ 9.25, 5.375, 0.5 ],
    "faces": {
        "north": { "uv": [ 6.75, 10.625, 9.25, 10.75 ], "texture": "#side", "cullface": "north" }
    }
},
{
    "__comment": "Cloth*",
    "from": [ 6.875, 5.125, 0 ],
    "to": [ 9.125, 5.25, 0.5 ],
    "faces": {
        "north": { "uv": [ 6.875, 10.75, 9.125, 10.875 ], "texture": "#side", "cullface": "north" }
    }
},
{
    "__comment": "Cloth*",
    "from": [ 7, 5, 0 ],
    "to": [ 9, 5.125, 0.5 ],
    "faces": {
        "north": { "uv": [ 7, 10.875, 9, 11 ], "texture": "#side", "cullface": "north" }
    }
},
{
    "__comment": "Cloth*",
    "from": [ 7.125, 4.875, 0 ],
    "to": [ 8.875, 5, 0.5 ],
    "faces": {
        "north": { "uv": [ 7.125, 11, 8.875, 11.125 ], "texture": "#side", "cullface": "north" }
    }
},
{
    "__comment": "Cloth*",
    "from": [ 7.25, 4.75, 0 ],
    "to": [ 8.75, 4.875, 0.5 ],
    "faces": {
        "north": { "uv": [ 7.25, 11.125, 8.75, 11.25 ], "texture": "#side", "cullface": "north" }
    }
},
{
    "__comment": "Cloth*",
    "from": [ 7.375, 4.625, 0 ],
    "to": [ 8.625, 4.75, 0.5 ],
    "faces": {
        "north": { "uv": [ 7.375, 11.25, 8.625, 11.375 ], "texture": "#side", "cullface": "north" }
    }
},
{
    "__comment": "Cloth*",
    "from": [ 7.5, 4.5, 0 ],
    "to": [ 8.5, 4.625, 0.5 ],
    "faces": {
        "north": { "uv": [ 7.5, 11.375, 8.5, 11.5 ], "texture": "#side", "cullface": "north" }
    }
},
{
    "__comment": "Cloth*",
    "from": [ 7.625, 4.375, 0 ],
    "to": [ 8.375, 4.5, 0.5 ],
    "faces": {
        "north": { "uv": [ 7.625, 11.5, 8.375, 11.625 ], "texture": "#side", "cullface": "north" }
    }
},
{
    "__comment": "Cloth*",
    "from": [ 7.75, 4.25, 0 ],
    "to": [ 8.25, 4.375, 0.5 ],
    "faces": {
        "north": { "uv": [ 7.75, 11.625, 8.25, 11.75 ], "texture": "#side", "cullface": "north" }
    }
},
{
    "__comment": "Cloth*",
    "from": [ 7.875, 4.125, 0 ],
    "to": [ 8.125, 4.25, 0.5 ],
    "faces": {
        "north": { "uv": [ 7.875, 11.75, 8.125, 11.875 ], "texture": "#side", "cullface": "north" }
    }
},
{
    "__comment": "Cloth*",
    "from": [ 15.5, 8.875, 3.125 ],
    "to": [ 16, 9, 12.875 ],
    "faces": {
        "east":  { "uv": [ 3.125, 7, 12.875, 7.125 ], "texture": "#side", "cullface": "east" }
    }
},
{
    "__comment": "Cloth*",
    "from": [ 15.5, 8.75, 3.25 ],
    "to": [ 16, 8.875, 12.75 ],
    "faces": {
        "east":  { "uv": [ 3.25, 7.125, 12.75, 7.25 ], "texture": "#side", "cullface": "east" }
    }
},
{
    "__comment": "Cloth*",
    "from": [ 15.5, 8.625, 3.375 ],
    "to": [ 16, 8.75, 12.625 ],
    "faces": {
        "east":  { "uv": [ 3.375, 7.25, 12.625, 7.375 ], "texture": "#side", "cullface": "east" }
    }
},
{
    "__comment": "Cloth*",
    "from": [ 15.5, 8.5, 3.5 ],
    "to": [ 16, 8.625, 12.5 ],
    "faces": {
        "east":  { "uv": [ 3.5, 7.375, 12.5, 7.5 ], "texture": "#side", "cullface": "east" }
    }
},
{
    "__comment": "Cloth*",
    "from": [ 15.5, 8.375, 3.625 ],
    "to": [ 16, 8.5, 12.375 ],
    "faces": {
        "east":  { "uv": [ 3.625, 7.5, 12.375, 7.625 ], "texture": "#side", "cullface": "east" }
    }
},
{
    "__comment": "Cloth*",
    "from": [ 15.5, 8.25, 3.75 ],
    "to": [ 16, 8.375, 12.25 ],
    "faces": {
        "east":  { "uv": [ 3.75, 7.625, 12.25, 7.75 ], "texture": "#side", "cullface": "east" }
    }
},
{
    "__comment": "Cloth*",
    "from": [ 15.5, 8.125, 3.875 ],
    "to": [ 16, 8.25, 12.125 ],
    "faces": {
        "east":  { "uv": [ 3.875, 7.75, 12.125, 7.875 ], "texture": "#side", "cullface": "east" }
    }
},
{
    "__comment": "Cloth*",
    "from": [ 15.5, 8, 4 ],
    "to": [ 16, 8.125, 12 ],
    "faces": {
        "east":  { "uv": [ 4, 7.875, 12, 8 ], "texture": "#side", "cullface": "east" }
    }
},
{
    "__comment": "Cloth*",
    "from": [ 15.5, 7.875, 4.125 ],
    "to": [ 16, 8, 11.875 ],
    "faces": {
        "east":  { "uv": [ 4.125, 8, 11.875, 8.125 ], "texture": "#side", "cullface": "east" }
    }
},
{
    "__comment": "Cloth*",
    "from": [ 15.5, 7.75, 4.25 ],
    "to": [ 16, 7.875, 11.75 ],
    "faces": {
        "east":  { "uv": [ 4.25, 8.125, 11.75, 8.25 ], "texture": "#side", "cullface": "east" }
    }
},
{
    "__comment": "Cloth*",
    "from": [ 15.5, 7.625, 4.375 ],
    "to": [ 16, 7.75, 11.625 ],
    "faces": {
        "east":  { "uv": [ 4.375, 8.25, 11.625, 8.375 ], "texture": "#side", "cullface": "east" }
    }
},
{
    "__comment": "Cloth*",
    "from": [ 15.5, 7.5, 4.5 ],
    "to": [ 16, 7.625, 11.5 ],
    "faces": {
        "east":  { "uv": [ 4.5, 8.375, 11.5, 8.5 ], "texture": "#side", "cullface": "east" }
    }
},
{
    "__comment": "Cloth*",
    "from": [ 15.5, 7.375, 4.625 ],
    "to": [ 16, 7.5, 11.375 ],
    "faces": {
        "east":  { "uv": [ 4.625, 8.5, 11.375, 8.625 ], "texture": "#side", "cullface": "east" }
    }
},
{
    "__comment": "Cloth*",
    "from": [ 15.5, 7.25, 4.75 ],
    "to": [ 16, 7.375, 11.25 ],
    "faces": {
        "east":  { "uv": [ 4.75, 8.625, 11.25, 8.75 ], "texture": "#side", "cullface": "east" }
    }
},
{
    "__comment": "Cloth*",
    "from": [ 15.5, 7.125, 4.875 ],
    "to": [ 16, 7.25, 11.125 ],
    "faces": {
        "east":  { "uv": [ 4.875, 8.75, 11.125, 8.875 ], "texture": "#side", "cullface": "east" }
    }
},
{
    "__comment": "Cloth*",
    "from": [ 15.5, 7, 5 ],
    "to": [ 16, 7.125, 11 ],
    "faces": {
        "east":  { "uv": [ 5, 8.875, 11, 9 ], "texture": "#side", "cullface": "east" }
    }
},
{
    "__comment": "Cloth*",
    "from": [ 15.5, 6.875, 5.125 ],
    "to": [ 16, 7, 10.875 ],
    "faces": {
        "east":  { "uv": [ 5.125, 9, 10.875, 9.125 ], "texture": "#side", "cullface": "east" }
    }
},
{
    "__comment": "Cloth*",
    "from": [ 15.5, 6.75, 5.25 ],
    "to": [ 16, 6.875, 10.75 ],
    "faces": {
        "east":  { "uv": [ 5.25, 9.125, 10.75, 9.25 ], "texture": "#side", "cullface": "east" }
    }
},
{
    "__comment": "Cloth*",
    "from": [ 15.5, 6.625, 5.375 ],
    "to": [ 16, 6.75, 10.625 ],
    "faces": {
        "east":  { "uv": [ 5.375, 9.25, 10.625, 9.375 ], "texture": "#side", "cullface": "east" }
    }
},
{
    "__comment": "Cloth*",
    "from": [ 15.5, 6.5, 5.5 ],
    "to": [ 16, 6.625, 10.5 ],
    "faces": {
        "east":  { "uv": [ 5.5, 9.375, 10.5, 9.5 ], "texture": "#side", "cullface": "east" }
    }
},
{
    "__comment": "Cloth*",
    "from": [ 15.5, 6.375, 5.625 ],
    "to": [ 16, 6.5, 10.375 ],
    "faces": {
        "east":  { "uv": [ 5.625, 9.5, 10.375, 9.625 ], "texture": "#side", "cullface": "east" }
    }
},
{
    "__comment": "Cloth*",
    "from": [ 15.5, 6.25, 5.75 ],
    "to": [ 16, 6.375, 10.25 ],
    "faces": {
        "east":  { "uv": [ 5.75, 9.625, 10.25, 9.75 ], "texture": "#side", "cullface": "east" }
    }
},
{
    "__comment": "Cloth*",
    "from": [ 15.5, 6.125, 5.875 ],
    "to": [ 16, 6.25, 10.125 ],
    "faces": {
        "east":  { "uv": [ 5.875, 9.75, 10.125, 9.875 ], "texture": "#side", "cullface": "east" }
    }
},
{
    "__comment": "Cloth*",
    "from": [ 15.5, 6, 6 ],
    "to": [ 16, 6.125, 10 ],
    "faces": {
        "east":  { "uv": [ 6, 9.875, 10, 10 ], "texture": "#side", "cullface": "east" }
    }
},
{
    "__comment": "Cloth*",
    "from": [ 15.5, 5.875, 6.125 ],
    "to": [ 16, 6, 9.875 ],
    "faces": {
        "east":  { "uv": [ 6.125, 10, 9.875, 10.125 ], "texture": "#side", "cullface": "east" }
    }
},
{
    "__comment": "Cloth*",
    "from": [ 15.5, 5.75, 6.25 ],
    "to": [ 16, 5.875, 9.75 ],
    "faces": {
        "east":  { "uv": [ 6.25, 10.125, 9.75, 10.25 ], "texture": "#side", "cullface": "east" }
    }
},
{
    "__comment": "Cloth*",
    "from": [ 15.5, 5.625, 6.375 ],
    "to": [ 16, 5.75, 9.625 ],
    "faces": {
        "east":  { "uv": [ 6.375, 10.25, 9.625, 10.375 ], "texture": "#side", "cullface": "east" }
    }
},
{
    "__comment": "Cloth*",
    "from": [ 15.5, 5.5, 6.5 ],
    "to": [ 16, 5.625, 9.5 ],
    "faces": {
        "east":  { "uv": [ 6.5, 10.375, 9.5, 10.5 ], "texture": "#side", "cullface": "east" }
    }
},
{
    "__comment": "Cloth*",
    "from": [ 15.5, 5.375, 6.625 ],
    "to": [ 16, 5.5, 9.375 ],
    "faces": {
        "east":  { "uv": [ 6.625, 10.5, 9.375, 10.625 ], "texture": "#side", "cullface": "east" }
    }
},
{
    "__comment": "Cloth*",
    "from": [ 15.5, 5.25, 6.75 ],
    "to": [ 16, 5.375, 9.25 ],
    "faces": {
        "east":  { "uv": [ 6.75, 10.625, 9.25, 10.75 ], "texture": "#side", "cullface": "east" }
    }
},
{
    "__comment": "Cloth*",
    "from": [ 15.5, 5.125, 6.875 ],
    "to": [ 16, 5.25, 9.125 ],
    "faces": {
        "east":  { "uv": [ 6.875, 10.75, 9.125, 10.875 ], "texture": "#side", "cullface": "east" }
    }
},
{
    "__comment": "Cloth*",
    "from": [ 15.5, 5, 7 ],
    "to": [ 16, 5.125, 9 ],
    "faces": {
        "east":  { "uv": [ 7, 10.875, 9, 11 ], "texture": "#side", "cullface": "east" }
    }
},
{
    "__comment": "Cloth*",
    "from": [ 15.5, 4.875, 7.125 ],
    "to": [ 16, 5, 8.875 ],
    "faces": {
        "east":  { "uv": [ 7.125, 11, 8.875, 11.125 ], "texture": "#side", "cullface": "east" }
    }
},
{
    "__comment": "Cloth*",
    "from": [ 15.5, 4.75, 7.25 ],
    "to": [ 16, 4.875, 8.75 ],
    "faces": {
        "east":  { "uv": [ 7.25, 11.125, 8.75, 11.25 ], "texture": "#side", "cullface": "east" }
    }
},
{
    "__comment": "Cloth*",
    "from": [ 15.5, 4.625, 7.375 ],
    "to": [ 16, 4.75, 8.625 ],
    "faces": {
        "east":  { "uv": [ 7.375, 11.25, 8.625, 11.375 ], "texture": "#side", "cullface": "east" }
    }
},
{
    "__comment": "Cloth*",
    "from": [ 15.5, 4.5, 7.5 ],
    "to": [ 16, 4.625, 8.5 ],
    "faces": {
        "east":  { "uv": [ 7.5, 11.375, 8.5, 11.5 ], "texture": "#side", "cullface": "east" }
    }
},
{
    "__comment": "Cloth*",
    "from": [ 15.5, 4.375, 7.625 ],
    "to": [ 16, 4.5, 8.375 ],
    "faces": {
        "east":  { "uv": [ 7.625, 11.5, 8.375, 11.625 ], "texture": "#side", "cullface": "east" }
    }
},
{
    "__comment": "Cloth*",
    "from": [ 15.5, 4.25, 7.75 ],
    "to": [ 16, 4.375, 8.25 ],
    "faces": {
        "east":  { "uv": [ 7.75, 11.625, 8.25, 11.75 ], "texture": "#side", "cullface": "east" }
    }
},
{
    "__comment": "Cloth*",
    "from": [ 15.5, 4.125, 7.875 ],
    "to": [ 16, 4.25, 8.125 ],
    "faces": {
        "east":  { "uv": [ 7.875, 11.75, 8.125, 11.875 ], "texture": "#side", "cullface": "east" }
    }
}
],
"display": {
    "thirdperson": {
        "rotation": [ 10, -45, 170 ],
        "translation": [ 0, 1.5, -2.75 ],
        "scale": [ 0.375, 0.375, 0.375 ]
    },
    "head": {
        "rotation": [ 0, 0, 0 ],
        "translation": [ 0, 7.5, 0 ],
        "scale": [ 1, 1, 1 ]
    }
}
}