{
"__comment": "Designed by Sphax with BDcraft Cubik PRO 0.90 Beta - http://bdcraft.net",
"ambientocclusion": false,
"textures": {
    "particle": "block/3d/rail_01",
    "rail": "block/3d/rail_01",
    "rail2": "block/3d/rail_02"
},
"elements": [ 
{
    "from": [ 2, 1, 0 ],
    "to": [ 4.5, 2, 16 ],
    "faces": {
        "down":  { "uv": [ 0, 0, 3, 3 ], "texture": "#rail" },
        "up":    { "uv": [ 0, 0, 3, 3 ], "texture": "#rail" },
        "north": { "uv": [ 0, 0, 3, 1 ], "texture": "#rail", "cullface": "north" },
        "south": { "uv": [ 0, 0, 3, 1 ], "texture": "#rail", "cullface": "south" },
        "west":  { "uv": [ 14.5, 0.5, 15.5, 1.5 ], "texture": "#rail" },
        "east":  { "uv": [ 14.5, 0.5, 15.5, 1.5 ], "texture": "#rail" }
    }
},
{
    "from": [ 11.5, 1, 0 ],
    "to": [ 14, 2, 16 ],
    "faces": {
        "down":  { "uv": [ 0, 0, 3, 3 ], "texture": "#rail" },
        "up":    { "uv": [ 0, 0, 3, 3 ], "texture": "#rail" },
        "north": { "uv": [ 0, 0, 3, 1 ], "texture": "#rail", "cullface": "north" },
        "south": { "uv": [ 0, 0, 3, 1 ], "texture": "#rail", "cullface": "south" },
        "west":  { "uv": [ 14.5, 0.5, 15.5, 1.5 ], "texture": "#rail" },
        "east":  { "uv": [ 14.5, 0.5, 15.5, 1.5 ], "texture": "#rail" }
    }
},
{
    "from": [ 1, 0, 1.25 ],
    "to": [ 15, 1, 3.75 ],
    "faces": {
        "down":  { "uv": [ 0, 3, 14, 6 ], "texture": "#rail", "cullface": "down" },
        "up":    { "uv": [ 0, 3, 14, 6 ], "texture": "#rail" },
        "north": { "uv": [ 0, 5.5, 14, 6 ], "texture": "#rail" },
        "south": { "uv": [ 0, 5.5, 14, 6 ], "texture": "#rail" },
        "west":  { "uv": [ 0, 3, 0.5, 6 ], "rotation": 270, "texture": "#rail" },
        "east":  { "uv": [ 13.5, 3, 14, 6 ], "rotation": 90, "texture": "#rail" }
    }
},
{
    "from": [ 1, 0, 6.5 ],
    "to": [ 15, 1, 9 ],
    "faces": {
        "down":  { "uv": [ 0, 6, 14, 9 ], "texture": "#rail", "cullface": "down" },
        "up":    { "uv": [ 0, 6, 14, 9 ], "texture": "#rail" },
        "north": { "uv": [ 0, 8.5, 14, 9 ], "texture": "#rail" },
        "south": { "uv": [ 0, 8.5, 14, 9 ], "texture": "#rail" },
        "west":  { "uv": [ 0, 6, 0.5, 9 ], "rotation": 270, "texture": "#rail" },
        "east":  { "uv": [ 13.5, 6, 14, 9 ], "rotation": 90, "texture": "#rail" }
    }
},
{
    "from": [ 1, 0, 12 ],
    "to": [ 15, 1, 14.5 ],
    "faces": {
        "down":  { "uv": [ 0, 12, 14, 15 ], "texture": "#rail", "cullface": "down" },
        "up":    { "uv": [ 0, 12, 14, 15 ], "texture": "#rail" },
        "north": { "uv": [ 0, 14.5, 14, 15 ], "texture": "#rail" },
        "south": { "uv": [ 0, 14.5, 14, 15 ], "texture": "#rail" },
        "west":  { "uv": [ 0, 12, 0.5, 15 ], "rotation": 270, "texture": "#rail" },
        "east":  { "uv": [ 13.5, 12, 14, 15 ], "rotation": 90, "texture": "#rail" }
    }
},
{
    "from": [ 1.5, 1, 1.75 ],
    "to": [ 5, 1.5, 2.75 ],
    "faces": {
        "down":  { "uv": [ 14.5, 0.5, 15.5, 1.5 ], "texture": "#rail" },
        "up":    { "uv": [ 14.5, 0.5, 15.5, 1.5 ], "texture": "#rail" },
        "north": { "uv": [ 14.5, 0.5, 15.5, 1.5 ], "texture": "#rail" },
        "south": { "uv": [ 14.5, 0.5, 15.5, 1.5 ], "texture": "#rail" },
        "west":  { "uv": [ 14.5, 0.5, 15.5, 1.5 ], "texture": "#rail" },
        "east":  { "uv": [ 14.5, 0.5, 15.5, 1.5 ], "texture": "#rail" }
    }
},
{
    "from": [ 11, 1, 1.75 ],
    "to": [ 14.5, 1.5, 2.75 ],
    "faces": {
        "down":  { "uv": [ 14.5, 0.5, 15.5, 1.5 ], "texture": "#rail" },
        "up":    { "uv": [ 14.5, 0.5, 15.5, 1.5 ], "texture": "#rail" },
        "north": { "uv": [ 14.5, 0.5, 15.5, 1.5 ], "texture": "#rail" },
        "south": { "uv": [ 14.5, 0.5, 15.5, 1.5 ], "texture": "#rail" },
        "west":  { "uv": [ 14.5, 0.5, 15.5, 1.5 ], "texture": "#rail" },
        "east":  { "uv": [ 14.5, 0.5, 15.5, 1.5 ], "texture": "#rail" }
    }
},
{
    "from": [ 11, 1, 7.25 ],
    "to": [ 14.5, 1.5, 8.25 ],
    "faces": {
        "down":  { "uv": [ 14.5, 0.5, 15.5, 1.5 ], "texture": "#rail" },
        "up":    { "uv": [ 14.5, 0.5, 15.5, 1.5 ], "texture": "#rail" },
        "north": { "uv": [ 14.5, 0.5, 15.5, 1.5 ], "texture": "#rail" },
        "south": { "uv": [ 14.5, 0.5, 15.5, 1.5 ], "texture": "#rail" },
        "west":  { "uv": [ 14.5, 0.5, 15.5, 1.5 ], "texture": "#rail" },
        "east":  { "uv": [ 14.5, 0.5, 15.5, 1.5 ], "texture": "#rail" }
    }
},
{
    "from": [ 1.5, 1, 7.25 ],
    "to": [ 5, 1.5, 8.25 ],
    "faces": {
        "down":  { "uv": [ 14.5, 0.5, 15.5, 1.5 ], "texture": "#rail" },
        "up":    { "uv": [ 14.5, 0.5, 15.5, 1.5 ], "texture": "#rail" },
        "north": { "uv": [ 14.5, 0.5, 15.5, 1.5 ], "texture": "#rail" },
        "south": { "uv": [ 14.5, 0.5, 15.5, 1.5 ], "texture": "#rail" },
        "west":  { "uv": [ 14.5, 0.5, 15.5, 1.5 ], "texture": "#rail" },
        "east":  { "uv": [ 14.5, 0.5, 15.5, 1.5 ], "texture": "#rail" }
    }
},
{
    "from": [ 1.5, 1, 12.75 ],
    "to": [ 5, 1.5, 13.75 ],
    "faces": {
        "down":  { "uv": [ 14.5, 0.5, 15.5, 1.5 ], "texture": "#rail" },
        "up":    { "uv": [ 14.5, 0.5, 15.5, 1.5 ], "texture": "#rail" },
        "north": { "uv": [ 14.5, 0.5, 15.5, 1.5 ], "texture": "#rail" },
        "south": { "uv": [ 14.5, 0.5, 15.5, 1.5 ], "texture": "#rail" },
        "west":  { "uv": [ 14.5, 0.5, 15.5, 1.5 ], "texture": "#rail" },
        "east":  { "uv": [ 14.5, 0.5, 15.5, 1.5 ], "texture": "#rail" }
    }
},
{
    "from": [ 11, 1, 12.75 ],
    "to": [ 14.5, 1.5, 13.75 ],
    "faces": {
        "down":  { "uv": [ 14.5, 0.5, 15.5, 1.5 ], "texture": "#rail" },
        "up":    { "uv": [ 14.5, 0.5, 15.5, 1.5 ], "texture": "#rail" },
        "north": { "uv": [ 14.5, 0.5, 15.5, 1.5 ], "texture": "#rail" },
        "south": { "uv": [ 14.5, 0.5, 15.5, 1.5 ], "texture": "#rail" },
        "west":  { "uv": [ 14.5, 0.5, 15.5, 1.5 ], "texture": "#rail" },
        "east":  { "uv": [ 14.5, 0.5, 15.5, 1.5 ], "texture": "#rail" }
    }
}
]
}