{
"__comment": "Designed by Sphax with BDcraft Cubik PRO 0.90 Beta - http://bdcraft.net",
"ambientocclusion": false,
"textures": {
    "particle": "block/3d/rail_01",
    "rail": "block/3d/rail_01",
    "rail2": "block/3d/rail_02"
},
"elements": [ 
{
    "from": [ 2, 1, 0 ],
    "to": [ 4.5, 2, 16 ],
    "faces": {
        "down":  { "uv": [ 0, 0, 3, 3 ], "texture": "#rail" },
        "up":    { "uv": [ 0, 0, 3, 3 ], "texture": "#rail" },
        "north": { "uv": [ 0, 0, 3, 1 ], "texture": "#rail", "cullface": "north" },
        "south": { "uv": [ 0, 0, 3, 1 ], "texture": "#rail", "cullface": "south" },
        "west":  { "uv": [ 14.5, 0.5, 15.5, 1.5 ], "texture": "#rail" },
        "east":  { "uv": [ 14.5, 0.5, 15.5, 1.5 ], "texture": "#rail" }
    }
},
{
    "from": [ 11.5, 1, 0 ],
    "to": [ 14, 2, 16 ],
    "faces": {
        "down":  { "uv": [ 0, 0, 3, 3 ], "texture": "#rail" },
        "up":    { "uv": [ 0, 0, 3, 3 ], "texture": "#rail" },
        "north": { "uv": [ 0, 0, 3, 1 ], "texture": "#rail", "cullface": "north" },
        "south": { "uv": [ 0, 0, 3, 1 ], "texture": "#rail", "cullface": "south" },
        "west":  { "uv": [ 14.5, 0.5, 15.5, 1.5 ], "texture": "#rail" },
        "east":  { "uv": [ 14.5, 0.5, 15.5, 1.5 ], "texture": "#rail" }
    }
},
{
    "from": [ 1, 0, 1 ],
    "to": [ 15, 1, 3.5 ],
    "faces": {
        "down":  { "uv": [ 0, 3, 14, 6 ], "texture": "#rail", "cullface": "down" },
        "up":    { "uv": [ 0, 3, 14, 6 ], "texture": "#rail" },
        "north": { "uv": [ 0, 5.5, 14, 6 ], "texture": "#rail" },
        "south": { "uv": [ 0, 5.5, 14, 6 ], "texture": "#rail" },
        "west":  { "uv": [ 0, 3, 0.5, 6 ], "rotation": 270, "texture": "#rail" },
        "east":  { "uv": [ 13.5, 3, 14, 6 ], "rotation": 90, "texture": "#rail" }
    }
},
{
    "from": [ 1, 0, 5 ],
    "to": [ 15, 1, 7.5 ],
    "faces": {
        "down":  { "uv": [ 0, 6, 14, 9 ], "texture": "#rail", "cullface": "down" },
        "up":    { "uv": [ 0, 6, 14, 9 ], "texture": "#rail" },
        "north": { "uv": [ 0, 8.5, 14, 9 ], "texture": "#rail" },
        "south": { "uv": [ 0, 8.5, 14, 9 ], "texture": "#rail" },
        "west":  { "uv": [ 0, 6, 0.5, 9 ], "rotation": 270, "texture": "#rail" },
        "east":  { "uv": [ 13.5, 6, 14, 9 ], "rotation": 90, "texture": "#rail" }
    }
},
{
    "from": [ 1, 0, 9 ],
    "to": [ 15, 1, 11.5 ],
    "faces": {
        "down":  { "uv": [ 0, 9, 14, 12 ], "texture": "#rail", "cullface": "down" },
        "up":    { "uv": [ 0, 9, 14, 12 ], "texture": "#rail" },
        "north": { "uv": [ 0, 11.5, 14, 12 ], "texture": "#rail" },
        "south": { "uv": [ 0, 11.5, 14, 12 ], "texture": "#rail" },
        "west":  { "uv": [ 0, 9, 0.5, 12 ], "rotation": 270, "texture": "#rail" },
        "east":  { "uv": [ 13.5, 9, 14, 12 ], "rotation": 90, "texture": "#rail" }
    }
},
{
    "from": [ 1, 0, 13 ],
    "to": [ 15, 1, 15.5 ],
    "faces": {
        "down":  { "uv": [ 0, 12, 14, 15 ], "texture": "#rail", "cullface": "down" },
        "up":    { "uv": [ 0, 12, 14, 15 ], "texture": "#rail" },
        "north": { "uv": [ 0, 14.5, 14, 15 ], "texture": "#rail" },
        "south": { "uv": [ 0, 14.5, 14, 15 ], "texture": "#rail" },
        "west":  { "uv": [ 0, 12, 0.5, 15 ], "rotation": 270, "texture": "#rail" },
        "east":  { "uv": [ 13.5, 12, 14, 15 ], "rotation": 90, "texture": "#rail" }
    }
},
{
    "from": [ 2.5, 2, 0 ],
    "to": [ 3, 3, 16 ],
    "faces": {
        "up":    { "uv": [ 10, 3, 10.5, 3.5 ], "texture": "#rail2" },
        "north": { "uv": [ 10, 3, 11, 6 ], "rotation": 90, "texture": "#rail2" },
        "south": { "uv": [ 10, 3, 11, 6 ], "rotation": 90, "texture": "#rail2" },
        "west":  { "uv": [ 10, 3, 11, 6 ], "rotation": 90, "texture": "#rail2" },
        "east":  { "uv": [ 10, 3, 11, 6 ], "rotation": 90, "texture": "#rail2" }
    }
},
{
    "from": [ 3.5, 2, 0 ],
    "to": [ 4, 3, 16 ],
    "faces": {
        "up":    { "uv": [ 10, 3, 10.5, 3.5 ], "texture": "#rail2" },
        "north": { "uv": [ 10, 3, 11, 6 ], "rotation": 90, "texture": "#rail2" },
        "south": { "uv": [ 10, 3, 11, 6 ], "rotation": 90, "texture": "#rail2" },
        "west":  { "uv": [ 10, 3, 11, 6 ], "rotation": 90, "texture": "#rail2" },
        "east":  { "uv": [ 10, 3, 11, 6 ], "rotation": 90, "texture": "#rail2" }
    }
},
{
    "from": [ 5, 1.4375, 5 ],
    "to": [ 11, 1.5, 11 ],
    "faces": {
        "down":  { "uv": [ 0, 8, 8, 0 ], "texture": "#rail2", "cullface": "down" },
        "up":    { "uv": [ 0, 0, 8, 8 ], "texture": "#rail2" }
    }
},
{
    "from": [ 12, 2, 0 ],
    "to": [ 12.5, 3, 16 ],
    "faces": {
        "up":    { "uv": [ 10, 3, 10.5, 3.5 ], "texture": "#rail2" },
        "north": { "uv": [ 10, 3, 11, 6 ], "rotation": 90, "texture": "#rail2" },
        "south": { "uv": [ 10, 3, 11, 6 ], "rotation": 90, "texture": "#rail2" },
        "west":  { "uv": [ 10, 3, 11, 6 ], "rotation": 90, "texture": "#rail2" },
        "east":  { "uv": [ 10, 3, 11, 6 ], "rotation": 90, "texture": "#rail2" }
    }
},
{
    "from": [ 13, 2, 0 ],
    "to": [ 13.5, 3, 16 ],
    "faces": {
        "up":    { "uv": [ 10, 3, 10.5, 3.5 ], "texture": "#rail2" },
        "north": { "uv": [ 10, 3, 11, 6 ], "rotation": 90, "texture": "#rail2" },
        "south": { "uv": [ 10, 3, 11, 6 ], "rotation": 90, "texture": "#rail2" },
        "west":  { "uv": [ 10, 3, 11, 6 ], "rotation": 90, "texture": "#rail2" },
        "east":  { "uv": [ 10, 3, 11, 6 ], "rotation": 90, "texture": "#rail2" }
    }
},
{
    "from": [ 1, 0, 7.5 ],
    "to": [ 2.5, 3, 9 ],
    "faces": {
        "down":  { "uv": [ 8, 6, 10, 3 ], "texture": "#rail2", "cullface": "down" },
        "up":    { "uv": [ 8, 6, 10, 3 ], "rotation": 90, "texture": "#rail2" },
        "north": { "uv": [ 8, 3, 10, 6 ], "texture": "#rail2" },
        "south": { "uv": [ 8, 3, 10, 6 ], "texture": "#rail2" },
        "west":  { "uv": [ 8, 3, 10, 6 ], "texture": "#rail2" },
        "east":  { "uv": [ 8, 3, 10, 6 ], "texture": "#rail2" }
    }
},
{
    "from": [ 13.5, 0, 7.5 ],
    "to": [ 15, 3, 9 ],
    "faces": {
        "down":  { "uv": [ 8, 6, 10, 3 ], "texture": "#rail2", "cullface": "down" },
        "up":    { "uv": [ 8, 6, 10, 3 ], "rotation": 90, "texture": "#rail2" },
        "north": { "uv": [ 8, 3, 10, 6 ], "texture": "#rail2" },
        "south": { "uv": [ 8, 3, 10, 6 ], "texture": "#rail2" },
        "west":  { "uv": [ 8, 3, 10, 6 ], "texture": "#rail2" },
        "east":  { "uv": [ 8, 3, 10, 6 ], "texture": "#rail2" }
    }
},
{
    "from": [ 7, 0.25, 3.5 ],
    "to": [ 9.5, 0.75, 13 ],
    "faces": {
        "down":  { "uv": [ 0, 0, 3, 3 ], "texture": "#rail" },
        "up":    { "uv": [ 0, 0, 3, 3 ], "texture": "#rail" },
        "west":  { "uv": [ 14.5, 0.5, 15.5, 1.5 ], "texture": "#rail" },
        "east":  { "uv": [ 14.5, 0.5, 15.5, 1.5 ], "texture": "#rail" }
    }
},
{
    "from": [ 4, 0, 7.5 ],
    "to": [ 5, 3, 9 ],
    "faces": {
        "down":  { "uv": [ 8, 6, 10, 3 ], "texture": "#rail2", "cullface": "down" },
        "up":    { "uv": [ 8, 6, 10, 3 ], "rotation": 90, "texture": "#rail2" },
        "north": { "uv": [ 8, 3, 10, 6 ], "texture": "#rail2" },
        "south": { "uv": [ 8, 3, 10, 6 ], "texture": "#rail2" },
        "west":  { "uv": [ 8, 3, 10, 6 ], "texture": "#rail2" },
        "east":  { "uv": [ 8, 3, 10, 6 ], "texture": "#rail2" }
    }
},
{
    "from": [ 11, 0, 7.5 ],
    "to": [ 12, 3, 9 ],
    "faces": {
        "down":  { "uv": [ 8, 6, 10, 3 ], "texture": "#rail2", "cullface": "down" },
        "up":    { "uv": [ 8, 6, 10, 3 ], "rotation": 90, "texture": "#rail2" },
        "north": { "uv": [ 8, 3, 10, 6 ], "texture": "#rail2" },
        "south": { "uv": [ 8, 3, 10, 6 ], "texture": "#rail2" },
        "west":  { "uv": [ 8, 3, 10, 6 ], "texture": "#rail2" },
        "east":  { "uv": [ 8, 3, 10, 6 ], "texture": "#rail2" }
    }
},
{
    "from": [ 1.5, 1, 1.75 ],
    "to": [ 5, 1.5, 2.75 ],
    "faces": {
        "up":    { "uv": [ 14.5, 0.5, 15.5, 1.5 ], "texture": "#rail" },
        "north": { "uv": [ 14.5, 0.5, 15.5, 1.5 ], "texture": "#rail" },
        "south": { "uv": [ 14.5, 0.5, 15.5, 1.5 ], "texture": "#rail" },
        "west":  { "uv": [ 14.5, 0.5, 15.5, 1.5 ], "texture": "#rail" },
        "east":  { "uv": [ 14.5, 0.5, 15.5, 1.5 ], "texture": "#rail" }
    }
},
{
    "from": [ 11, 1, 1.75 ],
    "to": [ 14.5, 1.5, 2.75 ],
    "faces": {
        "up":    { "uv": [ 14.5, 0.5, 15.5, 1.5 ], "texture": "#rail" },
        "north": { "uv": [ 14.5, 0.5, 15.5, 1.5 ], "texture": "#rail" },
        "south": { "uv": [ 14.5, 0.5, 15.5, 1.5 ], "texture": "#rail" },
        "west":  { "uv": [ 14.5, 0.5, 15.5, 1.5 ], "texture": "#rail" },
        "east":  { "uv": [ 14.5, 0.5, 15.5, 1.5 ], "texture": "#rail" }
    }
},
{
    "from": [ 11, 1, 5.75 ],
    "to": [ 14.5, 1.5, 6.75 ],
    "faces": {
        "up":    { "uv": [ 14.5, 0.5, 15.5, 1.5 ], "texture": "#rail" },
        "north": { "uv": [ 14.5, 0.5, 15.5, 1.5 ], "texture": "#rail" },
        "south": { "uv": [ 14.5, 0.5, 15.5, 1.5 ], "texture": "#rail" },
        "west":  { "uv": [ 14.5, 0.5, 15.5, 1.5 ], "texture": "#rail" },
        "east":  { "uv": [ 14.5, 0.5, 15.5, 1.5 ], "texture": "#rail" }
    }
},
{
    "from": [ 1.5, 1, 5.75 ],
    "to": [ 5, 1.5, 6.75 ],
    "faces": {
        "up":    { "uv": [ 14.5, 0.5, 15.5, 1.5 ], "texture": "#rail" },
        "north": { "uv": [ 14.5, 0.5, 15.5, 1.5 ], "texture": "#rail" },
        "south": { "uv": [ 14.5, 0.5, 15.5, 1.5 ], "texture": "#rail" },
        "west":  { "uv": [ 14.5, 0.5, 15.5, 1.5 ], "texture": "#rail" },
        "east":  { "uv": [ 14.5, 0.5, 15.5, 1.5 ], "texture": "#rail" }
    }
},
{
    "from": [ 1.5, 1, 9.75 ],
    "to": [ 5, 1.5, 10.75 ],
    "faces": {
        "up":    { "uv": [ 14.5, 0.5, 15.5, 1.5 ], "texture": "#rail" },
        "north": { "uv": [ 14.5, 0.5, 15.5, 1.5 ], "texture": "#rail" },
        "south": { "uv": [ 14.5, 0.5, 15.5, 1.5 ], "texture": "#rail" },
        "west":  { "uv": [ 14.5, 0.5, 15.5, 1.5 ], "texture": "#rail" },
        "east":  { "uv": [ 14.5, 0.5, 15.5, 1.5 ], "texture": "#rail" }
    }
},
{
    "from": [ 11, 1, 9.75 ],
    "to": [ 14.5, 1.5, 10.75 ],
    "faces": {
        "up":    { "uv": [ 14.5, 0.5, 15.5, 1.5 ], "texture": "#rail" },
        "north": { "uv": [ 14.5, 0.5, 15.5, 1.5 ], "texture": "#rail" },
        "south": { "uv": [ 14.5, 0.5, 15.5, 1.5 ], "texture": "#rail" },
        "west":  { "uv": [ 14.5, 0.5, 15.5, 1.5 ], "texture": "#rail" },
        "east":  { "uv": [ 14.5, 0.5, 15.5, 1.5 ], "texture": "#rail" }
    }
},
{
    "from": [ 1.5, 1, 13.75 ],
    "to": [ 5, 1.5, 14.75 ],
    "faces": {
        "up":    { "uv": [ 14.5, 0.5, 15.5, 1.5 ], "texture": "#rail" },
        "north": { "uv": [ 14.5, 0.5, 15.5, 1.5 ], "texture": "#rail" },
        "south": { "uv": [ 14.5, 0.5, 15.5, 1.5 ], "texture": "#rail" },
        "west":  { "uv": [ 14.5, 0.5, 15.5, 1.5 ], "texture": "#rail" },
        "east":  { "uv": [ 14.5, 0.5, 15.5, 1.5 ], "texture": "#rail" }
    }
},
{
    "from": [ 11, 1, 13.75 ],
    "to": [ 14.5, 1.5, 14.75 ],
    "faces": {
        "up":    { "uv": [ 14.5, 0.5, 15.5, 1.5 ], "texture": "#rail" },
        "north": { "uv": [ 14.5, 0.5, 15.5, 1.5 ], "texture": "#rail" },
        "south": { "uv": [ 14.5, 0.5, 15.5, 1.5 ], "texture": "#rail" },
        "west":  { "uv": [ 14.5, 0.5, 15.5, 1.5 ], "texture": "#rail" },
        "east":  { "uv": [ 14.5, 0.5, 15.5, 1.5 ], "texture": "#rail" }
    }
}
]
}