{
"__comment": "Designed by Sphax with BDcraft Cubik PRO 0.90 Beta - http://bdcraft.net",
"ambientocclusion": false,
"textures": {
    "particle": "block/3d/rail_01",
    "rail": "block/3d/rail_01",
    "rail2": "block/3d/rail_02",
    "chain": "block/3d/chain_off"
},
"elements": [ 
{
    "from": [ 2, 17, 0 ],
    "to": [ 4.5, 18, 16 ],
    "rotation": { "origin": [ 2, 18, 0 ], "axis": "x", "angle": 45, "rescale": true },
    "faces": {
        "down":  { "uv": [ 0, 0, 3, 3 ], "texture": "#rail" },
        "up":    { "uv": [ 0, 0, 3, 3 ], "texture": "#rail" },
        "north": { "uv": [ 0, 0, 3, 1 ], "texture": "#rail", "cullface": "north" },
        "south": { "uv": [ 0, 0, 3, 1 ], "texture": "#rail", "cullface": "south" },
        "west":  { "uv": [ 14.5, 0.5, 15.5, 1.5 ], "texture": "#rail" },
        "east":  { "uv": [ 14.5, 0.5, 15.5, 1.5 ], "texture": "#rail" }
    }
},
{
    "from": [ 11.5, 17, 0 ],
    "to": [ 14, 18, 16 ],
    "rotation": { "origin": [ 11.5, 18, 0 ], "axis": "x", "angle": 45, "rescale": true },
    "faces": {
        "down":  { "uv": [ 0, 0, 3, 3 ], "texture": "#rail" },
        "up":    { "uv": [ 0, 0, 3, 3 ], "texture": "#rail" },
        "north": { "uv": [ 0, 0, 3, 1 ], "texture": "#rail", "cullface": "north" },
        "south": { "uv": [ 0, 0, 3, 1 ], "texture": "#rail", "cullface": "south" },
        "west":  { "uv": [ 14.5, 0.5, 15.5, 1.5 ], "texture": "#rail" },
        "east":  { "uv": [ 14.5, 0.5, 15.5, 1.5 ], "texture": "#rail" }
    }
},
{
    "from": [ 1, 15, 1 ],
    "to": [ 15, 16, 3.5 ],
    "rotation": { "origin": [ 1, 16, 1 ], "axis": "x", "angle": 45 },
    "faces": {
        "down":  { "uv": [ 0, 3, 14, 6 ], "texture": "#rail" },
        "up":    { "uv": [ 0, 3, 14, 6 ], "texture": "#rail" },
        "north": { "uv": [ 0, 5.5, 14, 6 ], "texture": "#rail" },
        "south": { "uv": [ 0, 5.5, 14, 6 ], "texture": "#rail" },
        "west":  { "uv": [ 0, 3, 0.5, 6 ], "rotation": 270, "texture": "#rail" },
        "east":  { "uv": [ 13.5, 3, 14, 6 ], "rotation": 90, "texture": "#rail" }
    }
},
{
    "from": [ 1, 11, 5 ],
    "to": [ 15, 12, 7.5 ],
    "rotation": { "origin": [ 1, 12, 5 ], "axis": "x", "angle": 45 },
    "faces": {
        "down":  { "uv": [ 0, 6, 14, 9 ], "texture": "#rail" },
        "up":    { "uv": [ 0, 6, 14, 9 ], "texture": "#rail" },
        "north": { "uv": [ 0, 8.5, 14, 9 ], "texture": "#rail" },
        "south": { "uv": [ 0, 8.5, 14, 9 ], "texture": "#rail" },
        "west":  { "uv": [ 0, 6, 0.5, 9 ], "rotation": 270, "texture": "#rail" },
        "east":  { "uv": [ 13.5, 6, 14, 9 ], "rotation": 90, "texture": "#rail" }
    }
},
{
    "from": [ 1, 7, 9 ],
    "to": [ 15, 8, 11.5 ],
    "rotation": { "origin": [ 1, 8, 9 ], "axis": "x", "angle": 45 },
    "faces": {
        "down":  { "uv": [ 0, 9, 14, 12 ], "texture": "#rail" },
        "up":    { "uv": [ 0, 9, 14, 12 ], "texture": "#rail" },
        "north": { "uv": [ 0, 11.5, 14, 12 ], "texture": "#rail" },
        "south": { "uv": [ 0, 11.5, 14, 12 ], "texture": "#rail" },
        "west":  { "uv": [ 0, 9, 0.5, 12 ], "rotation": 270, "texture": "#rail" },
        "east":  { "uv": [ 13.5, 9, 14, 12 ], "rotation": 90, "texture": "#rail" }
    }
},
{
    "from": [ 1, 3, 13 ],
    "to": [ 15, 4, 15.5 ],
    "rotation": { "origin": [ 1, 4, 13 ], "axis": "x", "angle": 45 },
    "faces": {
        "down":  { "uv": [ 0, 12, 14, 15 ], "texture": "#rail" },
        "up":    { "uv": [ 0, 12, 14, 15 ], "texture": "#rail" },
        "north": { "uv": [ 0, 14.5, 14, 15 ], "texture": "#rail" },
        "south": { "uv": [ 0, 14.5, 14, 15 ], "texture": "#rail" },
        "west":  { "uv": [ 0, 12, 0.5, 15 ], "rotation": 270, "texture": "#rail" },
        "east":  { "uv": [ 13.5, 12, 14, 15 ], "rotation": 90, "texture": "#rail" }
    }
},
{
    "from": [ 2.5, 0, 0 ],
    "to": [ 4, 16.5, 1.5 ],
    "faces": {
        "down":  { "uv": [ 0, 15, 1, 16 ], "texture": "#rail", "cullface": "down" },
        "north": { "uv": [ 14, 3, 16, 16 ], "texture": "#rail", "cullface": "north" },
        "south": { "uv": [ 14, 3, 16, 16 ], "texture": "#rail" },
        "west":  { "uv": [ 14, 3, 16, 16 ], "texture": "#rail" },
        "east":  { "uv": [ 14, 3, 16, 16 ], "texture": "#rail" }
    }
},
{
    "from": [ 2.5, 0, 6 ],
    "to": [ 4, 10, 7.5 ],
    "faces": {
        "down":  { "uv": [ 0, 15, 1, 16 ], "texture": "#rail", "cullface": "down" },
        "north": { "uv": [ 14, 6, 16, 16 ], "texture": "#rail" },
        "south": { "uv": [ 14, 6, 16, 16 ], "texture": "#rail" },
        "west":  { "uv": [ 14, 6, 16, 16 ], "texture": "#rail" },
        "east":  { "uv": [ 14, 6, 16, 16 ], "texture": "#rail" }
    }
},
{
    "from": [ 2.5, 0, 12 ],
    "to": [ 4, 4, 13.5 ],
    "faces": {
        "down":  { "uv": [ 0, 15, 1, 16 ], "texture": "#rail", "cullface": "down" },
        "north": { "uv": [ 14, 12, 16, 16 ], "texture": "#rail" },
        "south": { "uv": [ 14, 12, 16, 16 ], "texture": "#rail" },
        "west":  { "uv": [ 14, 12, 16, 16 ], "texture": "#rail" },
        "east":  { "uv": [ 14, 12, 16, 16 ], "texture": "#rail" }
    }
},
{
    "from": [ 12, 0, 12 ],
    "to": [ 13.5, 4, 13.5 ],
    "faces": {
        "down":  { "uv": [ 0, 15, 1, 16 ], "texture": "#rail", "cullface": "down" },
        "north": { "uv": [ 14, 12, 16, 16 ], "texture": "#rail" },
        "south": { "uv": [ 14, 12, 16, 16 ], "texture": "#rail" },
        "west":  { "uv": [ 14, 12, 16, 16 ], "texture": "#rail" },
        "east":  { "uv": [ 14, 12, 16, 16 ], "texture": "#rail" }
    }
},
{
    "from": [ 12, 0, 6 ],
    "to": [ 13.5, 10, 7.5 ],
    "faces": {
        "down":  { "uv": [ 0, 15, 1, 16 ], "texture": "#rail", "cullface": "down" },
        "north": { "uv": [ 14, 6, 16, 16 ], "texture": "#rail" },
        "south": { "uv": [ 14, 6, 16, 16 ], "texture": "#rail" },
        "west":  { "uv": [ 14, 6, 16, 16 ], "texture": "#rail" },
        "east":  { "uv": [ 14, 6, 16, 16 ], "texture": "#rail" }
    }
},
{
    "from": [ 12, 0, 0 ],
    "to": [ 13.5, 16.5, 1.5 ],
    "faces": {
        "down":  { "uv": [ 0, 15, 1, 16 ], "texture": "#rail", "cullface": "down" },
        "north": { "uv": [ 14, 3, 16, 16 ], "texture": "#rail", "cullface": "north" },
        "south": { "uv": [ 14, 3, 16, 16 ], "texture": "#rail" },
        "west":  { "uv": [ 14, 3, 16, 16 ], "texture": "#rail" },
        "east":  { "uv": [ 14, 3, 16, 16 ], "texture": "#rail" }
    }
},
{
    "from": [ 5, 11.1875, 6.25 ],
    "to": [ 11, 11.25, 12.25 ],
    "rotation": { "origin": [ 5, 11.25, 6.25 ], "axis": "x", "angle": 45 },
    "faces": {
        "down":  { "uv": [ 0, 8, 8, 0 ], "texture": "#rail2" },
        "up":    { "uv": [ 0, 0, 8, 8 ], "texture": "#rail2" }
    }
},
{
    "from": [ 2.5, 18, 0 ],
    "to": [ 3, 19, 16 ],
    "rotation": { "origin": [ 2.5, 19, 0 ], "axis": "x", "angle": 45, "rescale": true },
    "faces": {
        "down":  { "uv": [ 10, 6, 10.5, 3 ], "texture": "#rail2" },
        "up":    { "uv": [ 10, 3, 10.5, 6 ], "texture": "#rail2" },
        "north": { "uv": [ 10, 3, 11, 6 ], "rotation": 90, "texture": "#rail2" },
        "south": { "uv": [ 10, 3, 11, 6 ], "rotation": 90, "texture": "#rail2" },
        "west":  { "uv": [ 10, 3, 11, 6 ], "rotation": 90, "texture": "#rail2" },
        "east":  { "uv": [ 10, 3, 11, 6 ], "rotation": 90, "texture": "#rail2" }
    }
},
{
    "from": [ 3.5, 18, 0 ],
    "to": [ 4, 19, 16 ],
    "rotation": { "origin": [ 3.5, 19, 0 ], "axis": "x", "angle": 45, "rescale": true },
    "faces": {
        "down":  { "uv": [ 10, 6, 10.5, 3 ], "texture": "#rail2" },
        "up":    { "uv": [ 10, 3, 10.5, 6 ], "texture": "#rail2" },
        "north": { "uv": [ 10, 3, 11, 6 ], "rotation": 90, "texture": "#rail2" },
        "south": { "uv": [ 10, 3, 11, 6 ], "rotation": 90, "texture": "#rail2" },
        "west":  { "uv": [ 10, 3, 11, 6 ], "rotation": 90, "texture": "#rail2" },
        "east":  { "uv": [ 10, 3, 11, 6 ], "rotation": 90, "texture": "#rail2" }
    }
},
{
    "from": [ 12, 18, 0 ],
    "to": [ 12.5, 19, 16 ],
    "rotation": { "origin": [ 12, 19, 0 ], "axis": "x", "angle": 45, "rescale": true },
    "faces": {
        "down":  { "uv": [ 10, 6, 10.5, 3 ], "texture": "#rail2" },
        "up":    { "uv": [ 10, 3, 10.5, 6 ], "texture": "#rail2" },
        "north": { "uv": [ 10, 3, 11, 6 ], "rotation": 90, "texture": "#rail2" },
        "south": { "uv": [ 10, 3, 11, 6 ], "rotation": 90, "texture": "#rail2" },
        "west":  { "uv": [ 10, 3, 11, 6 ], "rotation": 90, "texture": "#rail2" },
        "east":  { "uv": [ 10, 3, 11, 6 ], "rotation": 90, "texture": "#rail2" }
    }
},
{
    "from": [ 13, 18, 0 ],
    "to": [ 13.5, 19, 16 ],
    "rotation": { "origin": [ 13, 19, 0 ], "axis": "x", "angle": 45, "rescale": true },
    "faces": {
        "down":  { "uv": [ 10, 6, 10.5, 3 ], "texture": "#rail2" },
        "up":    { "uv": [ 10, 3, 10.5, 6 ], "texture": "#rail2" },
        "north": { "uv": [ 10, 3, 11, 6 ], "rotation": 90, "texture": "#rail2" },
        "south": { "uv": [ 10, 3, 11, 6 ], "rotation": 90, "texture": "#rail2" },
        "west":  { "uv": [ 10, 3, 11, 6 ], "rotation": 90, "texture": "#rail2" },
        "east":  { "uv": [ 10, 3, 11, 6 ], "rotation": 90, "texture": "#rail2" }
    }
},
{
    "__comment": "Chain",
    "from": [ 6.25, 16.05, 0 ],
    "to": [ 9.75, 17.25, 16 ],
    "rotation": { "origin": [ 6.25, 17.25, 0 ], "axis": "x", "angle": 45, "rescale": true },
    "faces": {
        "down":  { "uv": [ 0, 16, 3.5, 0 ], "texture": "#chain" },
        "up":    { "uv": [ 0, 0, 3.5, 16 ], "texture": "#chain" }
    }
},
{
    "from": [ 4, 8, 8.75 ],
    "to": [ 5.5, 11, 10.25 ],
    "rotation": { "origin": [ 4, 11, 8.75 ], "axis": "x", "angle": 45 },
    "faces": {
        "down":  { "uv": [ 8, 3, 10, 6 ], "texture": "#rail2" },
        "up":    { "uv": [ 8, 3, 10, 6 ], "texture": "#rail2" },
        "north": { "uv": [ 8, 3, 10, 6 ], "texture": "#rail2" },
        "south": { "uv": [ 8, 3, 10, 6 ], "texture": "#rail2" },
        "west":  { "uv": [ 8, 3, 10, 6 ], "texture": "#rail2" },
        "east":  { "uv": [ 8, 3, 10, 6 ], "texture": "#rail2" }
    }
},
{
    "from": [ 1, 8.5, 8.5 ],
    "to": [ 2.5, 11.5, 11 ],
    "rotation": { "origin": [ 1, 11.5, 8.5 ], "axis": "x", "angle": 45 },
    "faces": {
        "down":  { "uv": [ 8, 3, 10, 6 ], "texture": "#rail2" },
        "up":    { "uv": [ 8, 3, 10, 6 ], "texture": "#rail2" },
        "north": { "uv": [ 8, 3, 10, 6 ], "texture": "#rail2" },
        "south": { "uv": [ 8, 3, 10, 6 ], "texture": "#rail2" },
        "west":  { "uv": [ 8, 3, 10, 6 ], "texture": "#rail2" },
        "east":  { "uv": [ 8, 3, 10, 6 ], "texture": "#rail2" }
    }
},
{
    "from": [ 13.5, 8.5, 8.5 ],
    "to": [ 15, 11.5, 11 ],
    "rotation": { "origin": [ 13.5, 11.5, 8.5 ], "axis": "x", "angle": 45 },
    "faces": {
        "down":  { "uv": [ 8, 3, 10, 6 ], "texture": "#rail2" },
        "up":    { "uv": [ 8, 3, 10, 6 ], "texture": "#rail2" },
        "north": { "uv": [ 8, 3, 10, 6 ], "texture": "#rail2" },
        "south": { "uv": [ 8, 3, 10, 6 ], "texture": "#rail2" },
        "west":  { "uv": [ 8, 3, 10, 6 ], "texture": "#rail2" },
        "east":  { "uv": [ 8, 3, 10, 6 ], "texture": "#rail2" }
    }
},
{
    "from": [ 10.5, 8, 8.75 ],
    "to": [ 12, 11, 10.25 ],
    "rotation": { "origin": [ 10.5, 11, 8.75 ], "axis": "x", "angle": 45 },
    "faces": {
        "down":  { "uv": [ 8, 3, 10, 6 ], "texture": "#rail2" },
        "up":    { "uv": [ 8, 3, 10, 6 ], "texture": "#rail2" },
        "north": { "uv": [ 8, 3, 10, 6 ], "texture": "#rail2" },
        "south": { "uv": [ 8, 3, 10, 6 ], "texture": "#rail2" },
        "west":  { "uv": [ 8, 3, 10, 6 ], "texture": "#rail2" },
        "east":  { "uv": [ 8, 3, 10, 6 ], "texture": "#rail2" }
    }
},
{
    "from": [ 2, 8.5, 7.25 ],
    "to": [ 14, 9.25, 8 ],
    "faces": {
        "down":  { "uv": [ 10, 3, 11, 6 ], "rotation": 90, "texture": "#rail2" },
        "up":    { "uv": [ 10, 3, 11, 6 ], "rotation": 90, "texture": "#rail2" },
        "north": { "uv": [ 10, 3, 11, 6 ], "rotation": 90, "texture": "#rail2" },
        "south": { "uv": [ 10, 3, 11, 6 ], "rotation": 90, "texture": "#rail2" },
        "west":  { "uv": [ 10, 3, 11, 6 ], "rotation": 90, "texture": "#rail2" },
        "east":  { "uv": [ 10, 3, 11, 6 ], "rotation": 90, "texture": "#rail2" }
    }
}
]
}