{
	"__comment": "Designed by Sphax with Cubik Studio - https://cubik.studio",
	"parent": "block/block",
	"textures": {
		"particle": "block/smithing_table_side",
		"side": "block/smithing_table_side",
		"front": "block/smithing_table_front",
		"top": "block/smithing_table_top",
		"bottom": "block/smithing_table_bottom"
	},
	"elements": [ 	 
		{
			"__comment": "Box1",
			"from": [ -2, 7, 3 ],
			"to": [ 0, 10, 8 ],
			"faces": {
				"down": { "uv": [ 14, 8, 16, 13 ], "texture": "#side", "cullface": "west" },
				"up": { "uv": [ 14, 5, 16, 10 ], "texture": "#side", "cullface": "west" },
				"north": { "uv": [ 16, 7, 14, 10 ], "texture": "#side", "cullface": "west" },
				"south": { "uv": [ 14, 7.5, 16, 10.5 ], "texture": "#side", "cullface": "west" },
				"west": { "uv": [ 3, 6, 8, 9 ], "texture": "#side", "cullface": "west" }
			}
		},
		{
			"__comment": "Box1",
			"from": [ -1, 3, 5 ],
			"to": [ 0, 11, 6 ],
			"faces": {
				"down": { "uv": [ 5, 12, 6, 13 ], "texture": "#side", "cullface": "west" },
				"up": { "uv": [ 5, 5, 6, 6 ], "texture": "#side", "cullface": "west" },
				"north": { "uv": [ 5, 5, 6, 13 ], "texture": "#side", "cullface": "west" },
				"south": { "uv": [ 5, 5, 6, 13 ], "texture": "#side", "cullface": "west" },
				"west": { "uv": [ 5, 5, 6, 13 ], "texture": "#side", "cullface": "west" }
			}
		},
		{
			"__comment": "Box1",
			"from": [ 16, 7, 8 ],
			"to": [ 18, 10, 13 ],
			"faces": {
				"down": { "uv": [ 16, 8, 14, 13 ], "texture": "#side", "cullface": "east" },
				"up": { "uv": [ 16, 8, 14, 13 ], "texture": "#side", "cullface": "east" },
				"north": { "uv": [ 14, 7, 16, 10 ], "texture": "#side", "cullface": "east" },
				"south": { "uv": [ 16, 7.5, 14, 10.5 ], "texture": "#side", "cullface": "east" },
				"east": { "uv": [ 3, 6, 8, 9 ], "texture": "#side", "cullface": "east" }
			}
		},
		{
			"__comment": "Box1",
			"from": [ 16, 3, 10 ],
			"to": [ 17, 11, 11 ],
			"faces": {
				"down": { "uv": [ 5, 12, 6, 13 ], "texture": "#side", "cullface": "east" },
				"up": { "uv": [ 5, 5, 6, 6 ], "texture": "#side", "cullface": "east" },
				"north": { "uv": [ 5, 5, 6, 13 ], "texture": "#side", "cullface": "east" },
				"south": { "uv": [ 5, 5, 6, 13 ], "texture": "#side", "cullface": "east" },
				"east": { "uv": [ 5, 5, 6, 13 ], "texture": "#side", "cullface": "east" }
			}
		},
		{
			"__comment": "Box1",
			"from": [ 0, 0, 0 ],
			"to": [ 16, 16, 16 ],
			"faces": {
				"down": { "uv": [ 0, 0, 16, 16 ], "texture": "#bottom", "cullface": "down" },
				"up": { "uv": [ 0, 0, 16, 16 ], "texture": "#top", "cullface": "up" },
				"north": { "uv": [ 0, 0, 16, 16 ], "texture": "#front", "cullface": "north" },
				"south": { "uv": [ 0, 0, 16, 16 ], "texture": "#front", "cullface": "south" },
				"west": { "uv": [ 0, 0, 16, 16 ], "texture": "#side", "cullface": "west" },
				"east": { "uv": [ 0, 0, 16, 16 ], "texture": "#side", "cullface": "east" }
			}
		}
	]
}