{
	"__comment": "Designed by Sphax with Cubik Studio - https://cubik.studio",
	"parent": "block/block",
	"textures": {
		"particle": "block/smoker_front",
		"side": "block/smoker_side",
		"front": "block/smoker_front",
		"top": "block/smoker_top",
		"bottom": "block/smooth_stone",
		"inside": "block/3d/cobblestone_darken"
	},
	"elements": [ 	 
		{
			"from": [ 0, 0, 0 ],
			"to": [ 1, 1, 16 ],
			"faces": {
				"down": { "uv": [ 0, 0, 1, 16 ], "texture": "#bottom", "cullface": "down" },
				"up": { "uv": [ 0, 15, 16, 16 ], "texture": "#side", "cullface": "west", "rotation": 270 },
				"north": { "uv": [ 15, 15, 16, 16 ], "texture": "#front", "cullface": "north" },
				"south": { "uv": [ 0, 15, 1, 16 ], "texture": "#side", "cullface": "south" },
				"west": { "uv": [ 0, 15, 16, 16 ], "texture": "#side", "cullface": "west" }
			}
		},
		{
			"from": [ 4, 12, 4 ],
			"to": [ 6, 18, 12 ],
			"faces": {
				"up": { "uv": [ 4, 4, 6, 12 ], "texture": "#top", "cullface": "up" },
				"north": { "uv": [ 0, 10, 6, 12 ], "texture": "#inside", "cullface": "up", "rotation": 90 },
				"south": { "uv": [ 0, 10, 8, 12 ], "texture": "#inside", "cullface": "up", "rotation": 90 },
				"west": { "uv": [ 0, 8, 8, 16 ], "texture": "#inside", "cullface": "up", "rotation": 90 },
				"east": { "uv": [ 0, 0, 8, 8 ], "texture": "#inside", "cullface": "up", "rotation": 90 }
			}
		},
		{
			"from": [ 10, 12, 4 ],
			"to": [ 12, 18, 12 ],
			"faces": {
				"up": { "uv": [ 10, 4, 12, 12 ], "texture": "#top", "cullface": "up" },
				"north": { "uv": [ 0, 0, 6, 2 ], "texture": "#inside", "cullface": "up", "rotation": 90 },
				"south": { "uv": [ 0, 4, 8, 6 ], "texture": "#inside", "cullface": "up", "rotation": 90 },
				"west": { "uv": [ 0, 8, 8, 16 ], "texture": "#inside", "cullface": "up", "rotation": 90 },
				"east": { "uv": [ 0, 0, 8, 8 ], "texture": "#inside", "cullface": "up", "rotation": 90 }
			}
		},
		{
			"from": [ 6, 12, 4 ],
			"to": [ 10, 18, 6 ],
			"faces": {
				"up": { "uv": [ 6, 4, 10, 6 ], "texture": "#top", "cullface": "up" },
				"north": { "uv": [ 0, 12, 6, 16 ], "texture": "#inside", "cullface": "up", "rotation": 90 },
				"south": { "uv": [ 0, 5, 8, 9.5 ], "texture": "#inside", "cullface": "up", "rotation": 90 }
			}
		},
		{
			"from": [ 6, 12, 10 ],
			"to": [ 10, 18, 12 ],
			"faces": {
				"up": { "uv": [ 6, 10, 10, 12 ], "texture": "#top", "cullface": "up" },
				"north": { "uv": [ 0, 3, 8, 7 ], "texture": "#inside", "cullface": "up", "rotation": 90 },
				"south": { "uv": [ 0, 6, 8, 10 ], "texture": "#inside", "cullface": "up", "rotation": 90 }
			}
		},
		{
			"from": [ 0, 2, 0 ],
			"to": [ 2, 14, 2 ],
			"faces": {
				"north": { "uv": [ 14, 2, 16, 14 ], "texture": "#front", "cullface": "north" },
				"south": { "uv": [ 0, 2, 2, 14 ], "texture": "#side", "cullface": "west" },
				"west": { "uv": [ 0, 2, 2, 14 ], "texture": "#side", "cullface": "west" },
				"east": { "uv": [ 14, 2, 16, 14 ], "texture": "#front", "cullface": "north" }
			}
		},
		{
			"from": [ 14, 2, 0 ],
			"to": [ 16, 14, 2 ],
			"faces": {
				"north": { "uv": [ 0, 2, 2, 14 ], "texture": "#front", "cullface": "north" },
				"south": { "uv": [ 14, 2, 16, 14 ], "texture": "#side", "cullface": "east" },
				"west": { "uv": [ 0, 2, 2, 14 ], "texture": "#front", "cullface": "north" },
				"east": { "uv": [ 14, 2, 16, 14 ], "texture": "#side", "cullface": "east" }
			}
		},
		{
			"from": [ 14, 2, 14 ],
			"to": [ 16, 14, 16 ],
			"faces": {
				"north": { "uv": [ 0, 2, 2, 14 ], "texture": "#front", "cullface": "east" },
				"south": { "uv": [ 14, 2, 16, 14 ], "texture": "#side", "cullface": "south" },
				"west": { "uv": [ 14, 2, 16, 14 ], "texture": "#side", "cullface": "south" },
				"east": { "uv": [ 0, 2, 2, 14 ], "texture": "#side", "cullface": "east" }
			}
		},
		{
			"from": [ 0, 2, 14 ],
			"to": [ 2, 14, 16 ],
			"faces": {
				"north": { "uv": [ 14, 2, 16, 14 ], "texture": "#front", "cullface": "west" },
				"south": { "uv": [ 0, 2, 2, 14 ], "texture": "#side", "cullface": "south" },
				"west": { "uv": [ 14, 2, 16, 14 ], "texture": "#side", "cullface": "west" },
				"east": { "uv": [ 0, 2, 2, 14 ], "texture": "#side", "cullface": "south" }
			}
		},
		{
			"from": [ 0, 14, 0 ],
			"to": [ 2, 16, 16 ],
			"faces": {
				"down": { "uv": [ 0, 0, 2, 16 ], "texture": "#top", "cullface": "west" },
				"up": { "uv": [ 0, 0, 2, 16 ], "texture": "#top", "cullface": "up" },
				"west": { "uv": [ 0, 0, 16, 2 ], "texture": "#side", "cullface": "west" }
			}
		},
		{
			"from": [ 14, 14, 0 ],
			"to": [ 16, 16, 16 ],
			"faces": {
				"down": { "uv": [ 14, 0, 16, 16 ], "texture": "#top", "cullface": "east" },
				"up": { "uv": [ 14, 0, 16, 16 ], "texture": "#top", "cullface": "up" },
				"east": { "uv": [ 0, 0, 16, 2 ], "texture": "#side", "cullface": "east" }
			}
		},
		{
			"from": [ 0, 14, 0 ],
			"to": [ 16, 16, 2 ],
			"faces": {
				"down": { "uv": [ 0, 14, 16, 16 ], "texture": "#top", "cullface": "north" },
				"up": { "uv": [ 0, 0, 16, 2 ], "texture": "#top", "cullface": "up" },
				"north": { "uv": [ 0, 0, 16, 2 ], "texture": "#front", "cullface": "north" }
			}
		},
		{
			"from": [ 0, 14, 14 ],
			"to": [ 16, 16, 16 ],
			"faces": {
				"down": { "uv": [ 0, 0, 16, 2 ], "texture": "#top", "cullface": "south" },
				"up": { "uv": [ 0, 14, 16, 16 ], "texture": "#top", "cullface": "up" },
				"south": { "uv": [ 0, 0, 16, 2 ], "texture": "#side", "cullface": "south" }
			}
		},
		{
			"from": [ 0, 1, 0 ],
			"to": [ 3, 2, 2 ],
			"faces": {
				"up": { "uv": [ 0, 14, 3, 16 ], "texture": "#front", "cullface": "north" },
				"north": { "uv": [ 13, 14, 16, 15 ], "texture": "#front", "cullface": "north" },
				"west": { "uv": [ 0, 14, 2, 15 ], "texture": "#side", "cullface": "west" },
				"east": { "uv": [ 14, 14, 16, 15 ], "texture": "#side", "cullface": "north" }
			}
		},
		{
			"from": [ 13, 1, 0 ],
			"to": [ 16, 2, 2 ],
			"faces": {
				"up": { "uv": [ 13, 14, 16, 16 ], "texture": "#front", "cullface": "north" },
				"north": { "uv": [ 0, 14, 3, 15 ], "texture": "#front", "cullface": "north" },
				"west": { "uv": [ 0, 14, 2, 15 ], "texture": "#side", "cullface": "north" },
				"east": { "uv": [ 14, 14, 16, 15 ], "texture": "#side", "cullface": "east" }
			}
		},
		{
			"from": [ 13, 1, 14 ],
			"to": [ 16, 2, 16 ],
			"faces": {
				"up": { "uv": [ 13, 14, 16, 16 ], "texture": "#front", "cullface": "south" },
				"south": { "uv": [ 13, 14, 16, 15 ], "texture": "#side", "cullface": "south" },
				"west": { "uv": [ 14, 14, 16, 15 ], "texture": "#side", "cullface": "south" },
				"east": { "uv": [ 0, 15, 2, 16 ], "texture": "#side", "cullface": "east" }
			}
		},
		{
			"from": [ 0, 1, 14 ],
			"to": [ 3, 2, 16 ],
			"faces": {
				"up": { "uv": [ 13, 14, 16, 16 ], "texture": "#front", "cullface": "south" },
				"south": { "uv": [ 0, 14, 3, 15 ], "texture": "#side", "cullface": "south" },
				"west": { "uv": [ 14, 14, 16, 15 ], "texture": "#side", "cullface": "west" },
				"east": { "uv": [ 0, 14, 3, 15 ], "texture": "#side", "cullface": "south" }
			}
		},
		{
			"from": [ 1, 6, 1 ],
			"to": [ 15, 9, 15 ],
			"faces": {
				"down": { "uv": [ 0, 0.5, 14, 14.5 ], "texture": "#inside", "cullface": "north", "rotation": 270 },
				"up": { "uv": [ 0, 1, 14, 15 ], "texture": "#inside", "cullface": "up", "rotation": 90 },
				"north": { "uv": [ 1, 7, 15, 10 ], "texture": "#front", "cullface": "north" },
				"south": { "uv": [ 1, 7, 15, 10 ], "texture": "#side", "cullface": "south" },
				"west": { "uv": [ 1, 7, 15, 10 ], "texture": "#side", "cullface": "west" },
				"east": { "uv": [ 1, 7, 15, 10 ], "texture": "#side", "cullface": "east" }
			}
		},
		{
			"from": [ 15, 7, 2 ],
			"to": [ 16, 9, 14 ],
			"faces": {
				"down": { "uv": [ 15, 2, 16, 14 ], "texture": "#top", "cullface": "east" },
				"up": { "uv": [ 15, 2, 16, 14 ], "texture": "#top", "cullface": "east" },
				"east": { "uv": [ 2, 7, 14, 9 ], "texture": "#side", "cullface": "east" }
			}
		},
		{
			"from": [ 0, 7, 2 ],
			"to": [ 1, 9, 14 ],
			"faces": {
				"down": { "uv": [ 0, 2, 1, 14 ], "texture": "#top", "cullface": "west" },
				"up": { "uv": [ 0, 2, 1, 14 ], "texture": "#top", "cullface": "west" },
				"west": { "uv": [ 2, 7, 14, 9 ], "texture": "#side", "cullface": "west" }
			}
		},
		{
			"from": [ 2, 7, 15 ],
			"to": [ 14, 9, 16 ],
			"faces": {
				"down": { "uv": [ 2, 0, 14, 1 ], "texture": "#top", "cullface": "south" },
				"up": { "uv": [ 2, 15, 14, 16 ], "texture": "#top", "cullface": "south" },
				"south": { "uv": [ 2, 7, 14, 9 ], "texture": "#side", "cullface": "south" }
			}
		},
		{
			"from": [ 4, 8.6313, -2.019 ],
			"to": [ 12, 9.1313, 0.9809999 ],
			"rotation": { "origin": [ 4, 9, 1 ], "axis": "x", "angle": 22.5 },
			"faces": {
				"down": { "uv": [ 12, 7, 4, 4 ], "texture": "#front", "cullface": "north" },
				"up": { "uv": [ 4, 4, 12, 7 ], "texture": "#front", "cullface": "north" },
				"north": { "uv": [ 12, 4.5, 4, 4 ], "texture": "#front", "cullface": "north" },
				"south": { "uv": [ 4, 6.5, 12, 7 ], "texture": "#front", "cullface": "north" },
				"west": { "uv": [ 4, 4, 4.5, 7 ], "texture": "#front", "cullface": "north", "rotation": 270 },
				"east": { "uv": [ 11.5, 4, 12, 7 ], "texture": "#front", "cullface": "north", "rotation": 90 }
			}
		},
		{
			"from": [ 3, 1, 0.5 ],
			"to": [ 5, 7, 1 ],
			"faces": {
				"north": { "uv": [ 11, 9, 13, 15 ], "texture": "#front", "cullface": "north" },
				"west": { "uv": [ 12.5, 9, 13, 15 ], "texture": "#front", "cullface": "north" },
				"east": { "uv": [ 12.5, 9, 13, 15 ], "texture": "#front", "cullface": "north" }
			}
		},
		{
			"from": [ 11, 1, 0.5 ],
			"to": [ 13, 7, 1 ],
			"faces": {
				"north": { "uv": [ 3, 9, 5, 15 ], "texture": "#front", "cullface": "north" },
				"west": { "uv": [ 4.5, 9, 5, 15 ], "texture": "#front", "cullface": "north" },
				"east": { "uv": [ 3, 9, 3.5, 15 ], "texture": "#front", "cullface": "north" }
			}
		},
		{
			"from": [ 3, 6, 0.5 ],
			"to": [ 13, 7, 1 ],
			"faces": {
				"down": { "uv": [ 3, 15, 13, 15.5 ], "texture": "#front", "cullface": "north" },
				"up": { "uv": [ 3, 9, 13, 9.5 ], "texture": "#front", "cullface": "north" },
				"north": { "uv": [ 3, 9, 13, 10 ], "texture": "#front", "cullface": "north" }
			}
		},
		{
			"from": [ 1, 12, 1 ],
			"to": [ 15, 14, 6 ],
			"faces": {
				"down": { "uv": [ 5, 15, 0, 1 ], "texture": "#inside", "cullface": "north", "rotation": 90 },
				"north": { "uv": [ 1, 2, 15, 4 ], "texture": "#front", "cullface": "north" }
			}
		},
		{
			"from": [ 1, 1, 1 ],
			"to": [ 5, 6, 15 ],
			"faces": {
				"north": { "uv": [ 11, 10, 15, 15 ], "texture": "#front", "cullface": "north" },
				"south": { "uv": [ 1, 10, 5, 15 ], "texture": "#side", "cullface": "south" },
				"west": { "uv": [ 1, 10, 15, 15 ], "texture": "#side", "cullface": "west" },
				"east": { "uv": [ 14, 10, 0, 15 ], "texture": "#inside", "cullface": "north" }
			}
		},
		{
			"from": [ 11, 1, 1 ],
			"to": [ 15, 6, 15 ],
			"faces": {
				"north": { "uv": [ 1, 10, 5, 15 ], "texture": "#front", "cullface": "north" },
				"south": { "uv": [ 11, 10, 15, 15 ], "texture": "#side", "cullface": "south" },
				"west": { "uv": [ 0, 10, 14, 15 ], "texture": "#inside", "cullface": "north" },
				"east": { "uv": [ 1, 10, 15, 15 ], "texture": "#side", "cullface": "east" }
			}
		},
		{
			"from": [ 5, 1, 10 ],
			"to": [ 11, 6, 15 ],
			"faces": {
				"north": { "uv": [ 5, 10, 11, 15 ], "texture": "#front", "cullface": "north" },
				"south": { "uv": [ 5, 10, 11, 15 ], "texture": "#side", "cullface": "south" }
			}
		},
		{
			"from": [ 1, 9, 1 ],
			"to": [ 4, 12, 15 ],
			"faces": {
				"north": { "uv": [ 12, 4, 15, 7 ], "texture": "#front", "cullface": "north" },
				"west": { "uv": [ 1, 4, 15, 7 ], "texture": "#side", "cullface": "west" },
				"east": { "uv": [ 14, 4, 0, 7 ], "texture": "#inside", "cullface": "north" }
			}
		},
		{
			"from": [ 12, 9, 1 ],
			"to": [ 15, 12, 15 ],
			"faces": {
				"north": { "uv": [ 1, 4, 4, 7 ], "texture": "#front", "cullface": "north" },
				"west": { "uv": [ 0, 4, 14, 7 ], "texture": "#inside", "cullface": "north" },
				"east": { "uv": [ 1, 4, 15, 7 ], "texture": "#side", "cullface": "east" }
			}
		},
		{
			"from": [ 1, 9, 10 ],
			"to": [ 15, 12, 15 ],
			"faces": {
				"north": { "uv": [ 8, 1, 11.5, 15 ], "texture": "#inside", "cullface": "north", "rotation": 90 },
				"south": { "uv": [ 1, 4, 15, 7 ], "texture": "#side", "cullface": "south" }
			}
		},
		{
			"from": [ 1, 12, 1 ],
			"to": [ 6, 14, 15 ],
			"faces": {
				"down": { "uv": [ 0, 1, 14, 6 ], "texture": "#inside", "cullface": "north", "rotation": 270 },
				"west": { "uv": [ 1, 2, 15, 4 ], "texture": "#side", "cullface": "west" }
			}
		},
		{
			"from": [ 10, 12, 1 ],
			"to": [ 15, 14, 15 ],
			"faces": {
				"down": { "uv": [ 0, 10, 14, 15 ], "texture": "#inside", "cullface": "north", "rotation": 270 },
				"east": { "uv": [ 1, 2, 15, 4 ], "texture": "#side", "cullface": "east" }
			}
		},
		{
			"from": [ 1, 12, 14 ],
			"to": [ 15, 14, 15 ],
			"faces": {
				"south": { "uv": [ 1, 2, 15, 4 ], "texture": "#side" }
			}
		},
		{
			"from": [ 7.25, 5.75, 0 ],
			"to": [ 8.75, 7.25, 1 ],
			"rotation": { "origin": [ 8, 6.5, 0 ], "axis": "z", "angle": 45 },
			"faces": {
				"down": { "uv": [ 7.5, 9, 8.5, 9.5 ], "texture": "#front", "cullface": "north" },
				"up": { "uv": [ 7.5, 9, 8.5, 9.5 ], "texture": "#front", "cullface": "north" },
				"north": { "uv": [ 7.5, 9, 8.5, 10 ], "texture": "#front", "cullface": "north" },
				"west": { "uv": [ 7.5, 9, 8, 10 ], "texture": "#front", "cullface": "north" },
				"east": { "uv": [ 7.5, 9, 8, 10 ], "texture": "#front", "cullface": "north" }
			}
		},
		{
			"from": [ 15, 0, 0 ],
			"to": [ 16, 1, 16 ],
			"faces": {
				"down": { "uv": [ 15, 0, 16, 16 ], "texture": "#bottom", "cullface": "down" },
				"up": { "uv": [ 0, 15, 16, 16 ], "texture": "#side", "cullface": "east", "rotation": 270 },
				"north": { "uv": [ 0, 15, 1, 16 ], "texture": "#front", "cullface": "north" },
				"south": { "uv": [ 15, 15, 16, 16 ], "texture": "#side", "cullface": "south" },
				"east": { "uv": [ 0, 15, 16, 16 ], "texture": "#side", "cullface": "east" }
			}
		},
		{
			"from": [ 1, 0, 0 ],
			"to": [ 15, 1, 1 ],
			"faces": {
				"down": { "uv": [ 1, 15, 15, 16 ], "texture": "#bottom", "cullface": "down" },
				"up": { "uv": [ 1, 15, 15, 16 ], "texture": "#front", "cullface": "north" },
				"north": { "uv": [ 5, 15, 11, 16 ], "texture": "#front", "cullface": "north" }
			}
		},
		{
			"from": [ 1, 0, 15 ],
			"to": [ 15, 1, 16 ],
			"faces": {
				"down": { "uv": [ 1, 0, 15, 1 ], "texture": "#bottom", "cullface": "down" },
				"up": { "uv": [ 1, 15, 15, 16 ], "texture": "#side", "cullface": "south" },
				"south": { "uv": [ 5, 15, 11, 16 ], "texture": "#side", "cullface": "south" }
			}
		},
		{
			"from": [ 1, 0, 1 ],
			"to": [ 15, 1, 15 ],
			"faces": {
				"down": { "uv": [ 1, 1, 15, 15 ], "texture": "#bottom", "cullface": "down" },
				"up": { "uv": [ 0, 1, 14, 15 ], "texture": "#inside", "cullface": "north", "rotation": 90 }
			}
		},
		{
			"from": [ 15, 1, 2 ],
			"to": [ 16, 2, 3 ],
			"faces": {
				"up": { "uv": [ 12, 15, 13, 16 ], "texture": "#side", "cullface": "east", "rotation": 270 },
				"south": { "uv": [ 15, 14, 16, 15 ], "texture": "#side", "cullface": "east" },
				"east": { "uv": [ 13, 14, 14, 15 ], "texture": "#side", "cullface": "east" }
			}
		},
		{
			"from": [ 15, 1, 13 ],
			"to": [ 16, 2, 14 ],
			"faces": {
				"up": { "uv": [ 12, 15, 13, 16 ], "texture": "#side", "cullface": "east", "rotation": 270 },
				"north": { "uv": [ 0, 14, 1, 15 ], "texture": "#side", "cullface": "east" },
				"east": { "uv": [ 2, 14, 3, 15 ], "texture": "#side", "cullface": "east" }
			}
		},
		{
			"from": [ 0, 1, 2 ],
			"to": [ 1, 2, 3 ],
			"faces": {
				"up": { "uv": [ 12, 15, 13, 16 ], "texture": "#side", "cullface": "west", "rotation": 270 },
				"south": { "uv": [ 0, 14, 1, 15 ], "texture": "#side", "cullface": "west" },
				"west": { "uv": [ 2, 14, 3, 15 ], "texture": "#side", "cullface": "west" }
			}
		},
		{
			"from": [ 0, 1, 13 ],
			"to": [ 1, 2, 14 ],
			"faces": {
				"up": { "uv": [ 12, 15, 13, 16 ], "texture": "#side", "cullface": "west", "rotation": 270 },
				"north": { "uv": [ 15, 14, 16, 15 ], "texture": "#side", "cullface": "west" },
				"west": { "uv": [ 13, 14, 14, 15 ], "texture": "#side", "cullface": "west" }
			}
		},
		{
			"from": [ 2, 15, 12 ],
			"to": [ 14, 16, 14 ],
			"faces": {
				"up": { "uv": [ 2, 12, 14, 14 ], "texture": "#top", "cullface": "up" }
			}
		},
		{
			"from": [ 12, 15, 4 ],
			"to": [ 14, 16, 12 ],
			"faces": {
				"up": { "uv": [ 12, 4, 14, 12 ], "texture": "#top", "cullface": "up" }
			}
		},
		{
			"from": [ 2, 15, 2 ],
			"to": [ 14, 16, 4 ],
			"faces": {
				"up": { "uv": [ 2, 2, 14, 4 ], "texture": "#top", "cullface": "up" }
			}
		},
		{
			"from": [ 2, 15, 4 ],
			"to": [ 4, 16, 12 ],
			"faces": {
				"up": { "uv": [ 2, 4, 4, 12 ], "texture": "#top", "cullface": "up" }
			}
		},
		{
			"from": [ 6, 12, 10 ],
			"to": [ 10, 18, 12 ],
			"faces": {
				"north": { "uv": [ 0, 6, 8, 10 ], "texture": "#inside", "cullface": "north", "rotation": 90 }
			}
		},
		{
			"from": [ 10, 12, 4 ],
			"to": [ 12, 18, 12 ],
			"faces": {
				"west": { "uv": [ 0, 8, 8, 16 ], "texture": "#inside", "cullface": "north", "rotation": 90 }
			}
		},
		{
			"from": [ 4, 12, 4 ],
			"to": [ 6, 18, 12 ],
			"faces": {
				"east": { "uv": [ 0, 0, 8, 8 ], "texture": "#inside", "cullface": "north", "rotation": 90 }
			}
		},
		{
			"from": [ 1, 6, 1 ],
			"to": [ 15, 9, 15 ],
			"faces": {
				"up": { "uv": [ 0, 1, 14, 15 ], "texture": "#inside", "cullface": "north", "rotation": 90 }
			}
		},
		{
			"from": [ 1, 9, 10 ],
			"to": [ 15, 12, 15 ],
			"faces": {
				"north": { "uv": [ 8, 1, 11.5, 15 ], "texture": "#inside", "cullface": "up", "rotation": 90 }
			}
		},
		{
			"from": [ 1, 9, 1 ],
			"to": [ 4, 12, 15 ],
			"faces": {
				"east": { "uv": [ 14, 4, 0, 7 ], "texture": "#inside", "cullface": "up" }
			}
		},
		{
			"from": [ 12, 9, 1 ],
			"to": [ 15, 12, 15 ],
			"faces": {
				"west": { "uv": [ 0, 4, 14, 7 ], "texture": "#inside", "cullface": "up" }
			}
		}
	]
}