{
"__comment": "Designed by Sphax with BDcraft Cubik PRO 0.90 Beta - http://bdcraft.net",
"parent": "block/block",
"ambientocclusion": false,
"textures": {
    "particle": "block/spawner",
    "texture": "block/3d/spawner",
    "fire": "block/_bdc/torch_flame"
},
"elements": [ 
{
    "from": [ 0, 14, 0 ],
    "to": [ 16, 16, 2 ],
    "faces": {
        "down":  { "uv": [ 7, 2, 9, 0 ], "texture": "#texture" },
        "up":    { "uv": [ 0, 0, 16, 2 ], "texture": "#texture", "cullface": "up" },
        "north": { "uv": [ 0, 0, 16, 2 ], "texture": "#texture", "cullface": "north" },
        "south": { "uv": [ 0, 0, 16, 2 ], "texture": "#texture" },
        "west":  { "uv": [ 0, 0, 2, 2 ], "texture": "#texture", "cullface": "west" },
        "east":  { "uv": [ 14, 0, 16, 2 ], "texture": "#texture", "cullface": "east" }
    }
},
{
    "from": [ 0, 14, 2 ],
    "to": [ 2, 16, 14 ],
    "faces": {
        "down":  { "uv": [ 0, 2, 2, 4 ], "texture": "#texture" },
        "up":    { "uv": [ 0, 2, 2, 14 ], "texture": "#texture", "cullface": "up" },
        "west":  { "uv": [ 2, 0, 14, 2 ], "texture": "#texture", "cullface": "west" },
        "east":  { "uv": [ 2, 0, 14, 2 ], "texture": "#texture" }
    }
},
{
    "from": [ 14, 14, 2 ],
    "to": [ 16, 16, 14 ],
    "faces": {
        "down":  { "uv": [ 2, 2, 0, 4 ], "texture": "#texture" },
        "up":    { "uv": [ 14, 2, 16, 14 ], "texture": "#texture", "cullface": "up" },
        "west":  { "uv": [ 2, 0, 14, 2 ], "texture": "#texture" },
        "east":  { "uv": [ 2, 0, 14, 2 ], "texture": "#texture", "cullface": "east" }
    }
},
{
    "from": [ 0, 14, 14 ],
    "to": [ 16, 16, 16 ],
    "faces": {
        "down":  { "uv": [ 7, 14, 9, 16 ], "texture": "#texture" },
        "up":    { "uv": [ 0, 14, 16, 16 ], "texture": "#texture", "cullface": "up" },
        "north": { "uv": [ 0, 0, 16, 2 ], "texture": "#texture" },
        "south": { "uv": [ 0, 0, 16, 2 ], "texture": "#texture", "cullface": "south" },
        "west":  { "uv": [ 14, 0, 16, 2 ], "texture": "#texture", "cullface": "west" },
        "east":  { "uv": [ 0, 0, 2, 2 ], "texture": "#texture", "cullface": "east" }
    }
},
{
    "from": [ 0, 2, 14 ],
    "to": [ 2, 14, 16 ],
    "faces": {
        "north": { "uv": [ 2, 2, 0, 4 ], "texture": "#texture" },
        "south": { "uv": [ 0, 2, 2, 14 ], "texture": "#texture", "cullface": "south" },
        "west":  { "uv": [ 14, 2, 16, 14 ], "texture": "#texture", "cullface": "west" },
        "east":  { "uv": [ 0, 2, 2, 4 ], "texture": "#texture" }
    }
},
{
    "from": [ 0, 2, 0 ],
    "to": [ 2, 14, 2 ],
    "faces": {
        "north": { "uv": [ 14, 2, 16, 14 ], "texture": "#texture", "cullface": "north" },
        "south": { "uv": [ 0, 2, 2, 4 ], "texture": "#texture" },
        "west":  { "uv": [ 0, 2, 2, 14 ], "texture": "#texture", "cullface": "west" },
        "east":  { "uv": [ 16, 7, 14, 9 ], "texture": "#texture" }
    }
},
{
    "from": [ 14, 2, 0 ],
    "to": [ 16, 14, 2 ],
    "faces": {
        "north": { "uv": [ 0, 2, 2, 14 ], "texture": "#texture", "cullface": "north" },
        "south": { "uv": [ 2, 7, 0, 9 ], "texture": "#texture" },
        "west":  { "uv": [ 0, 2, 2, 4 ], "texture": "#texture" },
        "east":  { "uv": [ 14, 2, 16, 14 ], "texture": "#texture", "cullface": "east" }
    }
},
{
    "from": [ 14, 2, 14 ],
    "to": [ 16, 14, 16 ],
    "faces": {
        "north": { "uv": [ 0, 2, 2, 4 ], "texture": "#texture" },
        "south": { "uv": [ 14, 2, 16, 14 ], "texture": "#texture", "cullface": "south" },
        "west":  { "uv": [ 16, 7, 14, 9 ], "texture": "#texture" },
        "east":  { "uv": [ 0, 2, 2, 14 ], "texture": "#texture", "cullface": "east" }
    }
},
{
    "from": [ 0, 0, 14 ],
    "to": [ 16, 2, 16 ],
    "faces": {
        "down":  { "uv": [ 16, 16, 0, 14 ], "texture": "#texture", "cullface": "down" },
        "up":    { "uv": [ 7, 16, 9, 14 ], "texture": "#texture" },
        "north": { "uv": [ 0, 14, 16, 16 ], "texture": "#texture" },
        "south": { "uv": [ 0, 14, 16, 16 ], "texture": "#texture", "cullface": "south" },
        "west":  { "uv": [ 14, 14, 16, 16 ], "texture": "#texture", "cullface": "west" },
        "east":  { "uv": [ 0, 14, 2, 16 ], "texture": "#texture", "cullface": "east" }
    }
},
{
    "from": [ 0, 0, 0 ],
    "to": [ 16, 2, 2 ],
    "faces": {
        "down":  { "uv": [ 16, 2, 0, 0 ], "texture": "#texture", "cullface": "down" },
        "up":    { "uv": [ 7, 0, 9, 2 ], "texture": "#texture" },
        "north": { "uv": [ 0, 14, 16, 16 ], "texture": "#texture", "cullface": "north" },
        "south": { "uv": [ 0, 14, 16, 16 ], "texture": "#texture" },
        "west":  { "uv": [ 0, 14, 2, 16 ], "texture": "#texture", "cullface": "west" },
        "east":  { "uv": [ 14, 14, 16, 16 ], "texture": "#texture", "cullface": "east" }
    }
},
{
    "from": [ 0, 0, 2 ],
    "to": [ 2, 2, 14 ],
    "faces": {
        "down":  { "uv": [ 16, 14, 14, 2 ], "texture": "#texture", "cullface": "down" },
        "up":    { "uv": [ 0, 2, 2, 4 ], "texture": "#texture" },
        "west":  { "uv": [ 2, 14, 14, 16 ], "texture": "#texture", "cullface": "west" },
        "east":  { "uv": [ 2, 14, 14, 16 ], "texture": "#texture" }
    }
},
{
    "from": [ 14, 0, 2 ],
    "to": [ 16, 2, 14 ],
    "faces": {
        "down":  { "uv": [ 2, 14, 0, 2 ], "texture": "#texture", "cullface": "down" },
        "up":    { "uv": [ 16, 7, 14, 9 ], "texture": "#texture" },
        "west":  { "uv": [ 2, 14, 14, 16 ], "texture": "#texture" },
        "east":  { "uv": [ 2, 14, 14, 16 ], "texture": "#texture", "cullface": "east" }
    }
},
{
    "from": [ 2, 7.5, 14 ],
    "to": [ 14, 8.5, 15 ],
    "faces": {
        "down":  { "uv": [ 2, 2, 14, 3 ], "texture": "#texture" },
        "up":    { "uv": [ 2, 2, 14, 3 ], "texture": "#texture" },
        "north": { "uv": [ 2, 13, 14, 14 ], "texture": "#texture" },
        "south": { "uv": [ 2, 2, 14, 3 ], "texture": "#texture" }
    }
},
{
    "from": [ 0.75, 7.5, 2 ],
    "to": [ 1.75, 8.5, 14 ],
    "faces": {
        "down":  { "uv": [ 2, 2, 14, 3 ], "rotation": 270, "texture": "#texture" },
        "up":    { "uv": [ 2, 2, 14, 3 ], "rotation": 90, "texture": "#texture" },
        "west":  { "uv": [ 2, 2, 14, 3 ], "texture": "#texture" },
        "east":  { "uv": [ 2, 13, 14, 14 ], "texture": "#texture" }
    }
},
{
    "from": [ 2, 7.5, 1 ],
    "to": [ 14, 8.5, 2 ],
    "faces": {
        "down":  { "uv": [ 2, 2, 14, 3 ], "rotation": 180, "texture": "#texture" },
        "up":    { "uv": [ 2, 2, 14, 3 ], "rotation": 180, "texture": "#texture" },
        "north": { "uv": [ 2, 2, 14, 3 ], "texture": "#texture" },
        "south": { "uv": [ 2, 13, 14, 14 ], "texture": "#texture" }
    }
},
{
    "from": [ 2.25, 13.5, 0.5 ],
    "to": [ 19.5, 14.5, 1.5 ],
    "rotation": { "origin": [ 2.25, 14.5, 0.5 ], "axis": "z", "angle": -45 },
    "faces": {
        "down":  { "uv": [ 7.5, 2, 8.5, 3 ], "rotation": 180, "texture": "#texture" },
        "up":    { "uv": [ 7.5, 2, 8.5, 3 ], "rotation": 180, "texture": "#texture" },
        "north": { "uv": [ 2, 2, 14, 3 ], "texture": "#texture" },
        "south": { "uv": [ 2, 2, 14, 3 ], "texture": "#texture" }
    }
},
{
    "from": [ 1.5, 1.25, 0.75 ],
    "to": [ 19, 2.25, 1.75 ],
    "rotation": { "origin": [ 1.5, 2.25, 0.75 ], "axis": "z", "angle": 45 },
    "faces": {
        "down":  { "uv": [ 2, 2, 14, 3 ], "rotation": 180, "texture": "#texture" },
        "up":    { "uv": [ 2, 2, 14, 3 ], "rotation": 180, "texture": "#texture" },
        "north": { "uv": [ 2, 2, 14, 3 ], "texture": "#texture" },
        "south": { "uv": [ 2, 2, 14, 3 ], "texture": "#texture" }
    }
},
{
    "from": [ 14, 1.25, 1.5 ],
    "to": [ 15, 2.25, 19 ],
    "rotation": { "origin": [ 14, 2.25, 1.5 ], "axis": "x", "angle": -45 },
    "faces": {
        "down":  { "uv": [ 2, 2, 14, 3 ], "rotation": 90, "texture": "#texture" },
        "up":    { "uv": [ 2, 2, 14, 3 ], "rotation": 270, "texture": "#texture" },
        "west":  { "uv": [ 2, 11, 14, 12 ], "texture": "#texture" },
        "east":  { "uv": [ 2, 2, 14, 3 ], "texture": "#texture" }
    }
},
{
    "from": [ 14.5, -3.75, 1.5 ],
    "to": [ 15.5, 13.75, 2.5 ],
    "rotation": { "origin": [ 14.5, 13.75, 1.5 ], "axis": "x", "angle": -45 },
    "faces": {
        "north": { "uv": [ 2, 2, 14, 3 ], "rotation": 270, "texture": "#texture" },
        "south": { "uv": [ 2, 2, 14, 3 ], "rotation": 270, "texture": "#texture" },
        "west":  { "uv": [ 2, 2, 14, 3 ], "rotation": 90, "texture": "#texture" },
        "east":  { "uv": [ 2, 13, 14, 14 ], "rotation": 270, "texture": "#texture" }
    }
},
{
    "from": [ 14.3125, 7.5, 2 ],
    "to": [ 15.3125, 8.5, 14 ],
    "faces": {
        "down":  { "uv": [ 2, 2, 14, 3 ], "rotation": 90, "texture": "#texture" },
        "up":    { "uv": [ 2, 2, 14, 3 ], "rotation": 270, "texture": "#texture" },
        "west":  { "uv": [ 2, 2, 14, 3 ], "texture": "#texture" },
        "east":  { "uv": [ 2, 2, 14, 3 ], "texture": "#texture" }
    }
},
{
    "from": [ 13.75, 0.75, 1.5 ],
    "to": [ 14.75, 1.75, 18.75 ],
    "rotation": { "origin": [ 13.75, 0.75, 1.5 ], "axis": "y", "angle": -45 },
    "faces": {
        "down":  { "uv": [ 2, 2, 14, 3 ], "rotation": 270, "texture": "#texture" },
        "up":    { "uv": [ 2, 2, 14, 3 ], "rotation": 270, "texture": "#texture" },
        "west":  { "uv": [ 2, 2, 14, 3 ], "texture": "#texture" },
        "east":  { "uv": [ 2, 2, 14, 3 ], "rotation": 180, "texture": "#texture" }
    }
},
{
    "from": [ 2.25, 0.5, 1.5 ],
    "to": [ 19.75, 1.5, 2.5 ],
    "rotation": { "origin": [ 2.25, 0.5, 1.5 ], "axis": "y", "angle": -45 },
    "faces": {
        "down":  { "uv": [ 2, 13, 14, 14 ], "rotation": 180, "texture": "#texture" },
        "up":    { "uv": [ 2, 2, 14, 3 ], "texture": "#texture" },
        "north": { "uv": [ 2, 2, 14, 3 ], "texture": "#texture" },
        "south": { "uv": [ 2, 2, 14, 3 ], "rotation": 180, "texture": "#texture" }
    }
},
{
    "from": [ 7.5, 1, 2 ],
    "to": [ 8.5, 2, 14 ],
    "faces": {
        "down":  { "uv": [ 2, 2, 14, 3 ], "rotation": 270, "texture": "#texture" },
        "up":    { "uv": [ 2, 13, 14, 14 ], "rotation": 270, "texture": "#texture" },
        "west":  { "uv": [ 2, 2, 14, 3 ], "texture": "#texture" },
        "east":  { "uv": [ 2, 2, 14, 3 ], "rotation": 180, "texture": "#texture" }
    }
},
{
    "from": [ 1.5, 14.25, 2.25 ],
    "to": [ 2.5, 15.25, 19.75 ],
    "rotation": { "origin": [ 1.5, 14.25, 2.25 ], "axis": "y", "angle": 45 },
    "faces": {
        "down":  { "uv": [ 2, 2, 14, 3 ], "rotation": 270, "texture": "#texture" },
        "up":    { "uv": [ 2, 2, 14, 3 ], "rotation": 270, "texture": "#texture" },
        "west":  { "uv": [ 2, 2, 14, 3 ], "rotation": 180, "texture": "#texture" },
        "east":  { "uv": [ 2, 2, 14, 3 ], "texture": "#texture" }
    }
},
{
    "from": [ 1.5, 14.5, 13.75 ],
    "to": [ 19, 15.5, 14.75 ],
    "rotation": { "origin": [ 1.5, 14.5, 13.75 ], "axis": "y", "angle": 45 },
    "faces": {
        "down":  { "uv": [ 2, 2, 14, 3 ], "texture": "#texture" },
        "up":    { "uv": [ 2, 13, 14, 14 ], "rotation": 180, "texture": "#texture" },
        "north": { "uv": [ 2, 2, 14, 3 ], "texture": "#texture" },
        "south": { "uv": [ 2, 2, 14, 3 ], "rotation": 180, "texture": "#texture" }
    }
},
{
    "from": [ 7.5, 14, 2 ],
    "to": [ 8.5, 15, 14 ],
    "faces": {
        "down":  { "uv": [ 2, 11, 14, 12 ], "rotation": 270, "texture": "#texture" },
        "up":    { "uv": [ 2, 2, 14, 3 ], "rotation": 270, "texture": "#texture" },
        "west":  { "uv": [ 2, 2, 14, 3 ], "rotation": 180, "texture": "#texture" },
        "east":  { "uv": [ 2, 2, 14, 3 ], "texture": "#texture" }
    }
},
{
    "from": [ 5, 5, 5 ],
    "to": [ 5.0625, 19, 13.5 ],
    "shade": false,
    "rotation": { "origin": [ 5, 5, 5 ], "axis": "y", "angle": 45 },
    "faces": {
        "west":  { "uv": [ 5, 0, 11, 16 ], "texture": "#fire" },
        "east":  { "uv": [ 11, 0, 5, 16 ], "texture": "#fire" }
    }
},
{
    "from": [ 11, 5, 5 ],
    "to": [ 11.0625, 19, 13.5 ],
    "shade": false,
    "rotation": { "origin": [ 11, 5, 5 ], "axis": "y", "angle": -45 },
    "faces": {
        "west":  { "uv": [ 5, 0, 11, 16 ], "texture": "#fire" },
        "east":  { "uv": [ 11, 0, 5, 16 ], "texture": "#fire" }
    }
},
{
    "from": [ 4.5, 3, 15 ],
    "to": [ 9.5, 8, 16 ],
    "rotation": { "origin": [ 4.5, 8, 15 ], "axis": "z", "angle": 45 },
    "faces": {
        "down":  { "uv": [ 3.5, 2, 4.5, 3 ], "texture": "#texture" },
        "up":    { "uv": [ 3.5, 3, 4.5, 2 ], "texture": "#texture" },
        "north": { "uv": [ 3, 5, 8, 10 ], "texture": "#texture" },
        "south": { "uv": [ 8, 5, 13, 10 ], "texture": "#texture" },
        "west":  { "uv": [ 3.5, 2, 4.5, 3 ], "rotation": 90, "texture": "#texture" },
        "east":  { "uv": [ 3.5, 2, 4.5, 3 ], "rotation": 270, "texture": "#texture" }
    }
},
{
    "from": [ 8, 6.5625, 0 ],
    "to": [ 13, 11.5625, 1 ],
    "rotation": { "origin": [ 8, 11.5625, 0 ], "axis": "z", "angle": -45 },
    "faces": {
        "down":  { "uv": [ 3.5, 2, 4.5, 3 ], "rotation": 180, "texture": "#texture" },
        "up":    { "uv": [ 3.5, 3, 4.5, 2 ], "rotation": 180, "texture": "#texture" },
        "north": { "uv": [ 8, 5, 13, 10 ], "texture": "#texture" },
        "south": { "uv": [ 3, 5, 8, 10 ], "texture": "#texture" },
        "west":  { "uv": [ 3.5, 2, 4.5, 3 ], "rotation": 270, "texture": "#texture" },
        "east":  { "uv": [ 3.5, 2, 4.5, 3 ], "rotation": 90, "texture": "#texture" }
    }
},
{
    "from": [ 1.5, 1.25062, 14.25 ],
    "to": [ 19, 2.25062, 15.25 ],
    "rotation": { "origin": [ 1.5, 2.25062, 14.25 ], "axis": "z", "angle": 45 },
    "faces": {
        "down":  { "uv": [ 2, 2, 14, 3 ], "rotation": 180, "texture": "#texture" },
        "up":    { "uv": [ 2, 2, 14, 3 ], "rotation": 180, "texture": "#texture" },
        "north": { "uv": [ 2, 2, 14, 3 ], "texture": "#texture" },
        "south": { "uv": [ 2, 2, 14, 3 ], "texture": "#texture" }
    }
},
{
    "from": [ 2.25, 13.5, 14.25 ],
    "to": [ 19.5, 14.5, 15.25 ],
    "rotation": { "origin": [ 2.25, 14.5, 14.25 ], "axis": "z", "angle": -45 },
    "faces": {
        "down":  { "uv": [ 7.5, 2, 8.5, 3 ], "rotation": 180, "texture": "#texture" },
        "up":    { "uv": [ 7.5, 2, 8.5, 3 ], "rotation": 180, "texture": "#texture" },
        "north": { "uv": [ 2, 2, 14, 3 ], "texture": "#texture" },
        "south": { "uv": [ 2, 2, 14, 3 ], "texture": "#texture" }
    }
},
{
    "from": [ 0.5, 1.25, 1.5 ],
    "to": [ 1.5, 2.25, 19 ],
    "rotation": { "origin": [ 0.5, 2.25, 1.5 ], "axis": "x", "angle": -45 },
    "faces": {
        "down":  { "uv": [ 2, 2, 14, 3 ], "rotation": 90, "texture": "#texture" },
        "up":    { "uv": [ 2, 2, 14, 3 ], "rotation": 270, "texture": "#texture" },
        "west":  { "uv": [ 2, 13, 14, 14 ], "texture": "#texture" },
        "east":  { "uv": [ 2, 2, 14, 3 ], "texture": "#texture" }
    }
},
{
    "from": [ 1, -3.75, 1.5 ],
    "to": [ 2, 13.75, 2.5 ],
    "rotation": { "origin": [ 1, 13.75, 1.5 ], "axis": "x", "angle": -45 },
    "faces": {
        "north": { "uv": [ 2, 2, 14, 3 ], "rotation": 270, "texture": "#texture" },
        "south": { "uv": [ 2, 2, 14, 3 ], "rotation": 270, "texture": "#texture" },
        "west":  { "uv": [ 2, 2, 14, 3 ], "rotation": 90, "texture": "#texture" },
        "east":  { "uv": [ 2, 13, 14, 14 ], "rotation": 270, "texture": "#texture" }
    }
}
]
}