{
"__comment": "Designed by Sphax with BDcraft Cubik PRO 0.90 Beta - http://bdcraft.net",
"textures": {
	"particle": "#stem",
    "stem": "#stem"
},
"elements": [ 
{
    "__comment": "Stem",
    "from": [ 6, 1, 8.5 ],
    "to": [ 6.5, 3, 9 ],
    "faces": {
        "up":    { "uv": [ 0, 11, 0.5, 11.5 ], "texture": "#stem" },
        "north": { "uv": [ 0, 11, 0.5, 13 ], "texture": "#stem" },
        "south": { "uv": [ 0, 11, 0.5, 13 ], "texture": "#stem" },
        "west":  { "uv": [ 0, 11, 0.5, 13 ], "texture": "#stem" },
        "east":  { "uv": [ 0, 11, 0.5, 13 ], "texture": "#stem" }
    }
},
{
    "__comment": "Stem",
    "from": [ 6.5, 0.5, 9.5 ],
    "to": [ 8, 1, 10 ],
    "faces": {
        "down":  { "uv": [ 0, 11, 1.5, 11.5 ], "texture": "#stem" },
        "up":    { "uv": [ 0, 11, 1.5, 11.5 ], "texture": "#stem" },
        "north": { "uv": [ 0, 11, 1.5, 11.5 ], "texture": "#stem" },
        "south": { "uv": [ 0, 11, 1.5, 11.5 ], "texture": "#stem" },
        "east":  { "uv": [ 0, 11, 0.5, 11.5 ], "texture": "#stem" }
    }
},
{
    "__comment": "Stem",
    "from": [ 7.5, 0.5, 8 ],
    "to": [ 8, 1, 9.5 ],
    "faces": {
        "down":  { "uv": [ 0, 11, 0.5, 12.5 ], "texture": "#stem" },
        "up":    { "uv": [ 0, 11, 0.5, 12.5 ], "texture": "#stem" },
        "north": { "uv": [ 0, 11, 0.5, 11.5 ], "texture": "#stem" },
        "west":  { "uv": [ 0, 11, 1.5, 11.5 ], "texture": "#stem" },
        "east":  { "uv": [ 0, 11, 1.5, 11.5 ], "texture": "#stem" }
    }
},
{
    "__comment": "Stem",
    "from": [ 7.5, 0, 7.5 ],
    "to": [ 8.5, 0.5, 8.5 ],
    "faces": {
        "up":    { "uv": [ 0, 11, 1, 12 ], "texture": "#stem" },
        "north": { "uv": [ 0, 11, 1, 11.5 ], "texture": "#stem" },
        "south": { "uv": [ 0, 11, 1, 11.5 ], "texture": "#stem" },
        "west":  { "uv": [ 0, 11, 1, 11.5 ], "texture": "#stem" },
        "east":  { "uv": [ 0, 11, 1, 11.5 ], "texture": "#stem" }
    }
},
{
    "from": [ 6, 0.5, 8.5 ],
    "to": [ 6.5, 1, 10 ],
    "faces": {
        "down":  { "uv": [ 0, 11, 0.5, 12 ], "texture": "#stem" },
        "up":    { "uv": [ 0, 11, 0.5, 12 ], "texture": "#stem" },
        "north": { "uv": [ 0, 11, 0.5, 11.5 ], "texture": "#stem" },
        "south": { "uv": [ 5, 14, 5.5, 14.5 ], "texture": "#stem" },
        "west":  { "uv": [ 0, 11, 1, 11.5 ], "texture": "#stem" },
        "east":  { "uv": [ 0, 11, 1, 11.5 ], "texture": "#stem" }
    }
},
{
    "from": [ 8, -0.0625, 7 ],
    "to": [ 11.5, 0, 10 ],
    "rotation": { "origin": [ 8, 0, 7 ], "axis": "z", "angle": 22.5 },
    "faces": {
        "down":  { "uv": [ 8.5, 8, 16, 0 ], "rotation": 270, "texture": "#stem", "tintindex": 0 },
        "up":    { "uv": [ 8.5, 0, 16, 8 ], "rotation": 90, "texture": "#stem", "tintindex": 0 }
    }
},
{
    "from": [ 4, 0.25, 6.5 ],
    "to": [ 7.5, 0.3125, 10.5 ],
    "rotation": { "origin": [ 4, 0.25, 6.5 ], "axis": "y", "angle": 45 },
    "faces": {
        "up":    { "uv": [ 8.5, 0, 16, 8 ], "texture": "#stem", "tintindex": 0 }
    }
},
{
    "from": [ 6, 0.9375, 10 ],
    "to": [ 7, 1, 11 ],
    "rotation": { "origin": [ 6, 1, 10 ], "axis": "x", "angle": 45 },
    "faces": {
        "down":  { "uv": [ 12, 16, 16, 10 ], "rotation": 180, "texture": "#stem", "tintindex": 0 },
        "up":    { "uv": [ 12, 10, 16, 16 ], "rotation": 180, "texture": "#stem", "tintindex": 0 }
    }
},
{
    "from": [ 6.125, 2.375, 7.5 ],
    "to": [ 6.1875, 4.375, 9.5 ],
    "rotation": { "origin": [ 6.125, 4.375, 7.5 ], "axis": "x", "angle": 45 },
    "faces": {
        "west":  { "uv": [ 4, 0, 8.5, 5 ], "rotation": 90, "texture": "#stem", "tintindex": 0 },
        "east":  { "uv": [ 8.5, 0, 4, 5 ], "rotation": 270, "texture": "#stem", "tintindex": 0 }
    }
},
{
    "from": [ 8, 0.0625, 7.5 ],
    "to": [ 10, 0.125, 11.5 ],
    "rotation": { "origin": [ 8, 0.0625, 7.5 ], "axis": "y", "angle": 45 },
    "faces": {
        "up":    { "uv": [ 4, 5, 7, 10.5 ], "texture": "#stem", "tintindex": 0 }
    }
},
{
    "from": [ 5.8125, 1.125, 8.4375 ],
    "to": [ 6.8125, 1.1875, 9.9375 ],
    "rotation": { "origin": [ 5.8125, 1.125, 8.4375 ], "axis": "y", "angle": -45 },
    "faces": {
        "down":  { "uv": [ 12, 16, 16, 10 ], "rotation": 180, "texture": "#stem", "tintindex": 0 },
        "up":    { "uv": [ 12, 10, 16, 16 ], "rotation": 180, "texture": "#stem", "tintindex": 0 }
    }
},
{
    "from": [ 8.5, 0.6875, 9 ],
    "to": [ 11, 0.75, 11 ],
    "rotation": { "origin": [ 8.5, 0.6875, 9 ], "axis": "y", "angle": -45 },
    "faces": {
        "down":  { "uv": [ 12, 16, 16, 10 ], "rotation": 270, "texture": "#stem", "tintindex": 0 },
        "up":    { "uv": [ 12, 10, 16, 16 ], "rotation": 90, "texture": "#stem", "tintindex": 0 }
    }
},
{
    "from": [ 7, 1.4375, 6.5 ],
    "to": [ 8.5, 1.5, 8.5 ],
    "rotation": { "origin": [ 7, 1.5, 6.5 ], "axis": "x", "angle": 22.5 },
    "faces": {
        "down":  { "uv": [ 12, 16, 16, 10 ], "texture": "#stem", "tintindex": 0 },
        "up":    { "uv": [ 12, 10, 16, 16 ], "texture": "#stem", "tintindex": 0 }
    }
}
]
}