{
"__comment": "Designed by Sphax with BDcraft Cubik PRO 0.90 Beta - http://bdcraft.net",
"textures": {
	"particle": "#stem",
    "stem": "#stem"
},
"elements": [ 
{
    "__comment": "Stem",
    "from": [ 5.5, 8.5, 10.5 ],
    "to": [ 6, 9, 14 ],
    "faces": {
        "down":  { "uv": [ 0, 6, 0.5, 9.5 ], "texture": "#stem" },
        "up":    { "uv": [ 0, 6, 0.5, 9.5 ], "texture": "#stem" },
        "south": { "uv": [ 0, 6, 0.5, 6.5 ], "texture": "#stem" },
        "west":  { "uv": [ 0, 6, 3.5, 6.5 ], "texture": "#stem" },
        "east":  { "uv": [ 0, 6, 3.5, 6.5 ], "texture": "#stem" }
    }
},
{
    "__comment": "Stem",
    "from": [ 2.5, 8.5, 10 ],
    "to": [ 6, 9.5, 10.5 ],
    "faces": {
        "down":  { "uv": [ 0, 6, 3.5, 6.5 ], "texture": "#stem" },
        "up":    { "uv": [ 0, 6, 3.5, 6.5 ], "texture": "#stem" },
        "north": { "uv": [ 0, 6, 3.5, 7 ], "texture": "#stem" },
        "south": { "uv": [ 0, 6, 3.5, 7 ], "texture": "#stem" },
        "east":  { "uv": [ 0, 6, 0.5, 7 ], "texture": "#stem" }
    }
},
{
    "__comment": "Stem",
    "from": [ 1.5, 3.5, 13 ],
    "to": [ 2.5, 8.5, 14 ],
    "faces": {
        "down":  { "uv": [ 0, 6, 1, 7 ], "texture": "#stem" },
        "north": { "uv": [ 0, 6, 1, 11 ], "texture": "#stem" },
        "south": { "uv": [ 0, 6, 1, 11 ], "texture": "#stem" },
        "west":  { "uv": [ 0, 6, 1, 11 ], "texture": "#stem" },
        "east":  { "uv": [ 0, 6, 1, 11 ], "texture": "#stem" }
    }
},
{
    "__comment": "Stem",
    "from": [ 1.5, 8.5, 10 ],
    "to": [ 2.5, 9.5, 14 ],
    "faces": {
        "down":  { "uv": [ 0, 6, 1, 10 ], "texture": "#stem" },
        "up":    { "uv": [ 0, 6, 1, 10 ], "texture": "#stem" },
        "north": { "uv": [ 0, 6, 1, 7 ], "texture": "#stem" },
        "south": { "uv": [ 0, 6, 1, 7 ], "texture": "#stem" },
        "west":  { "uv": [ 0, 6, 4, 7 ], "texture": "#stem" },
        "east":  { "uv": [ 0, 6, 4, 7 ], "texture": "#stem" }
    }
},
{
    "__comment": "Stem",
    "from": [ 2.5, 3.5, 13 ],
    "to": [ 9, 4.5, 14 ],
    "faces": {
        "down":  { "uv": [ 0, 6, 4, 8 ], "texture": "#stem" },
        "up":    { "uv": [ 0, 6, 4, 8 ], "texture": "#stem" },
        "north": { "uv": [ 0, 8, 4, 10 ], "texture": "#stem" },
        "south": { "uv": [ 0, 8, 4, 10 ], "texture": "#stem" },
        "east":  { "uv": [ 0, 6, 2, 8 ], "texture": "#stem" }
    }
},
{
    "__comment": "Stem",
    "from": [ 7.5, 3.5, 10 ],
    "to": [ 9, 4.5, 13 ],
    "faces": {
        "down":  { "uv": [ 1.5, 6, 3, 7.5 ], "texture": "#stem" },
        "up":    { "uv": [ 1.5, 6, 3, 7.5 ], "texture": "#stem" },
        "west":  { "uv": [ 1, 6, 3, 8 ], "texture": "#stem" },
        "east":  { "uv": [ 1, 6, 3, 8 ], "texture": "#stem" }
    }
},
{
    "__comment": "Stem",
    "from": [ 6.5, 1, 7.5 ],
    "to": [ 9, 4.5, 10 ],
    "faces": {
        "up":    { "uv": [ 1, 6.5, 4, 9.5 ], "texture": "#stem" },
        "north": { "uv": [ 0, 6, 3, 9 ], "texture": "#stem" },
        "south": { "uv": [ 0, 6, 3, 9 ], "texture": "#stem" },
        "west":  { "uv": [ 0, 6, 3, 9 ], "texture": "#stem" },
        "east":  { "uv": [ 0, 6, 3, 9 ], "texture": "#stem" }
    }
},
{
    "__comment": "Stem",
    "from": [ 6, 0, 6.5 ],
    "to": [ 10, 1, 10.5 ],
    "faces": {
        "up":    { "uv": [ 0, 6, 4, 10 ], "texture": "#stem" },
        "north": { "uv": [ 0, 9, 4, 10 ], "texture": "#stem" },
        "south": { "uv": [ 0, 9, 4, 10 ], "texture": "#stem" },
        "west":  { "uv": [ 0, 9, 4, 10 ], "texture": "#stem" },
        "east":  { "uv": [ 0, 9, 4, 10 ], "texture": "#stem" }
    }
},
{
    "from": [ 3.5, 4, 11 ],
    "to": [ 4, 4.5, 13 ],
    "faces": {
        "down":  { "uv": [ 0, 6, 1, 8 ], "texture": "#stem" },
        "up":    { "uv": [ 0, 6, 1, 8 ], "texture": "#stem" },
        "north": { "uv": [ 0, 6, 1, 7 ], "texture": "#stem" },
        "west":  { "uv": [ 0, 6, 2, 7 ], "texture": "#stem" },
        "east":  { "uv": [ 0, 6, 2, 7 ], "texture": "#stem" }
    }
},
{
    "from": [ 1.5, 3.5, 11 ],
    "to": [ 4, 4, 11.5 ],
    "faces": {
        "down":  { "uv": [ 0, 6, 3, 6.5 ], "texture": "#stem" },
        "up":    { "uv": [ 0, 6, 3, 6.5 ], "texture": "#stem" },
        "north": { "uv": [ 0, 6, 3, 6.5 ], "texture": "#stem" },
        "south": { "uv": [ 0, 6, 3, 6.5 ], "texture": "#stem" },
        "west":  { "uv": [ 0, 6, 0.5, 6.5 ], "texture": "#stem" },
        "east":  { "uv": [ 0, 6, 0.5, 6.5 ], "texture": "#stem" }
    }
},
{
    "from": [ 1.5, 2.5, 11 ],
    "to": [ 2, 3.5, 11.5 ],
    "faces": {
        "down":  { "uv": [ 0, 6, 0.5, 6.5 ], "texture": "#stem" },
        "north": { "uv": [ 0, 6, 0.5, 7 ], "texture": "#stem" },
        "south": { "uv": [ 0, 6, 0.5, 7 ], "texture": "#stem" },
        "west":  { "uv": [ 0, 6, 0.5, 7 ], "texture": "#stem" },
        "east":  { "uv": [ 0, 6, 0.5, 7 ], "texture": "#stem" }
    }
},
{
    "from": [ 6.5, 3, 5.5 ],
    "to": [ 7, 3.5, 7.5 ],
    "faces": {
        "down":  { "uv": [ 0, 6, 1, 9 ], "texture": "#stem" },
        "up":    { "uv": [ 0, 6, 1, 9 ], "texture": "#stem" },
        "north": { "uv": [ 0, 6, 1, 7 ], "texture": "#stem" },
        "west":  { "uv": [ 0, 6, 3, 7 ], "texture": "#stem" },
        "east":  { "uv": [ 0, 6, 3, 7 ], "texture": "#stem" }
    }
},
{
    "from": [ 7, 3, 5.5 ],
    "to": [ 8.5, 3.5, 6 ],
    "faces": {
        "down":  { "uv": [ 0, 6, 1.5, 6.5 ], "texture": "#stem" },
        "up":    { "uv": [ 0, 6, 1.5, 6.5 ], "texture": "#stem" },
        "north": { "uv": [ 0, 6, 1.5, 6.5 ], "texture": "#stem" },
        "south": { "uv": [ 0, 6, 1.5, 6.5 ], "texture": "#stem" },
        "east":  { "uv": [ 0, 6, 0.5, 6.5 ], "texture": "#stem" }
    }
},
{
    "from": [ 8, 2, 5.5 ],
    "to": [ 8.5, 3, 6 ],
    "faces": {
        "north": { "uv": [ 0, 6, 0.5, 7 ], "texture": "#stem" },
        "south": { "uv": [ 0, 6, 0.5, 7 ], "texture": "#stem" },
        "west":  { "uv": [ 0, 6, 0.5, 7 ], "texture": "#stem" },
        "east":  { "uv": [ 0, 6, 0.5, 7 ], "texture": "#stem" }
    }
},
{
    "from": [ 4, 10, 13.5 ],
    "to": [ 6, 10.5, 14 ],
    "faces": {
        "down":  { "uv": [ 0, 6, 2, 6.5 ], "texture": "#stem" },
        "up":    { "uv": [ 0, 6, 2, 6.5 ], "texture": "#stem" },
        "north": { "uv": [ 0, 6, 2, 6.5 ], "texture": "#stem" },
        "south": { "uv": [ 0, 6, 2, 6.5 ], "texture": "#stem" },
        "east":  { "uv": [ 0, 6, 0.5, 6.5 ], "texture": "#stem" }
    }
},
{
    "from": [ 5.5, 9, 13.5 ],
    "to": [ 6, 10, 14 ],
    "faces": {
        "north": { "uv": [ 0, 6, 0.5, 7 ], "texture": "#stem" },
        "south": { "uv": [ 0, 6, 0.5, 7 ], "texture": "#stem" },
        "west":  { "uv": [ 0, 6, 0.5, 7 ], "texture": "#stem" },
        "east":  { "uv": [ 0, 6, 0.5, 7 ], "texture": "#stem" }
    }
},
{
    "from": [ 8.5, 0.9375, 6.5 ],
    "to": [ 14.5, 1, 11 ],
    "rotation": { "origin": [ 8.5, 1, 6.5 ], "axis": "z", "angle": 22.5 },
    "faces": {
        "down":  { "uv": [ 8.5, 8, 16, 0 ], "rotation": 270, "texture": "#stem", "tintindex": 0 },
        "up":    { "uv": [ 8.5, 0, 16, 8 ], "rotation": 90, "texture": "#stem", "tintindex": 0 }
    }
},
{
    "from": [ 2, 1.4375, 6 ],
    "to": [ 6.5, 1.5, 11 ],
    "rotation": { "origin": [ 2, 1.4375, 6 ], "axis": "y", "angle": 45 },
    "faces": {
        "down":  { "uv": [ 8.5, 8, 16, 0 ], "texture": "#stem", "tintindex": 0 },
        "up":    { "uv": [ 8.5, 0, 16, 8 ], "texture": "#stem", "tintindex": 0 }
    }
},
{
    "from": [ 4, 6.4375, 8 ],
    "to": [ 9, 6.5, 12 ],
    "rotation": { "origin": [ 4, 6.5, 8 ], "axis": "z", "angle": -22.5 },
    "faces": {
        "down":  { "uv": [ 8.5, 8, 16, 0 ], "rotation": 90, "texture": "#stem", "tintindex": 0 },
        "up":    { "uv": [ 8.5, 0, 16, 8 ], "rotation": 270, "texture": "#stem", "tintindex": 0 }
    }
},
{
    "from": [ 2, 3.9375, 12 ],
    "to": [ 6, 4, 15 ],
    "rotation": { "origin": [ 2, 4, 12 ], "axis": "z", "angle": 45 },
    "faces": {
        "down":  { "uv": [ 12, 16, 16, 10 ], "rotation": 270, "texture": "#stem", "tintindex": 0 },
        "up":    { "uv": [ 12, 10, 16, 16 ], "rotation": 90, "texture": "#stem", "tintindex": 0 }
    }
},
{
    "from": [ 1, 4.4375, 14 ],
    "to": [ 3, 4.5, 17 ],
    "rotation": { "origin": [ 1, 4.5, 14 ], "axis": "x", "angle": 45 },
    "faces": {
        "down":  { "uv": [ 12, 16, 16, 10 ], "rotation": 180, "texture": "#stem", "tintindex": 0 },
        "up":    { "uv": [ 12, 10, 16, 16 ], "rotation": 180, "texture": "#stem", "tintindex": 0 }
    }
},
{
    "from": [ 9, 0.5, 10 ],
    "to": [ 9.0625, 4, 12 ],
    "rotation": { "origin": [ 9, 0.5, 10 ], "axis": "y", "angle": 45 },
    "faces": {
        "west":  { "uv": [ 4, 5, 7, 10.5 ], "texture": "#stem" },
        "east":  { "uv": [ 7, 5, 4, 10.5 ], "texture": "#stem" }
    }
},
{
    "from": [ 1.5, 6, 14 ],
    "to": [ 1.5625, 9.5, 16 ],
    "rotation": { "origin": [ 1.5, 6, 14 ], "axis": "y", "angle": -22.5 },
    "faces": {
        "west":  { "uv": [ 4, 5, 7, 10.5 ], "texture": "#stem" },
        "east":  { "uv": [ 7, 5, 4, 10.5 ], "texture": "#stem" }
    }
},
{
    "from": [ 6, 0.4375, 10 ],
    "to": [ 9, 0.5, 13 ],
    "rotation": { "origin": [ 6, 0.4375, 10 ], "axis": "y", "angle": -45 },
    "faces": {
        "up":    { "uv": [ 4, 0, 8.5, 5 ], "texture": "#stem" }
    }
},
{
    "from": [ 1.5, 4.4375, 14.5 ],
    "to": [ 3.5, 4.5, 17.5 ],
    "rotation": { "origin": [ 1.5, 4.4375, 14.5 ], "axis": "y", "angle": 45 },
    "faces": {
        "down":  { "uv": [ 12, 16, 16, 10 ], "rotation": 180, "texture": "#stem", "tintindex": 0 },
        "up":    { "uv": [ 12, 10, 16, 16 ], "rotation": 180, "texture": "#stem", "tintindex": 0 }
    }
},
{
    "from": [ 8.5, 1.4375, 6.5 ],
    "to": [ 11, 1.5, 8.5 ],
    "rotation": { "origin": [ 8.5, 1.4375, 6.5 ], "axis": "y", "angle": 22.5 },
    "faces": {
        "down":  { "uv": [ 12, 16, 16, 10 ], "rotation": 270, "texture": "#stem", "tintindex": 0 },
        "up":    { "uv": [ 12, 10, 16, 16 ], "rotation": 90, "texture": "#stem", "tintindex": 0 }
    }
},
{
    "from": [ 7.5, 1.9375, 5 ],
    "to": [ 9.5, 2, 8 ],
    "rotation": { "origin": [ 7.5, 2, 5 ], "axis": "x", "angle": 22.5 },
    "faces": {
        "down":  { "uv": [ 12, 16, 16, 10 ], "texture": "#stem", "tintindex": 0 },
        "up":    { "uv": [ 12, 10, 16, 16 ], "texture": "#stem", "tintindex": 0 }
    }
}
]
}