{
"__comment": "Designed by Sphax with BDcraft Cubik PRO 0.90 Beta - http://bdcraft.net",
"textures": {
	"particle": "#stem",
    "stem": "#stem"
},
"elements": [ 
{
    "__comment": "Stem",
    "from": [ 7.5, 16.5, 11 ],
    "to": [ 8, 17, 14.5 ],
    "faces": {
        "down":  { "uv": [ 0, 6, 1.5, 10 ], "texture": "#stem" },
        "up":    { "uv": [ 0, 6, 1.5, 10 ], "texture": "#stem" },
        "north": { "uv": [ 0, 6, 1.5, 7.5 ], "texture": "#stem" },
        "south": { "uv": [ 0, 6, 1, 7.5 ], "texture": "#stem" },
        "west":  { "uv": [ 0, 6, 4, 7.5 ], "texture": "#stem" },
        "east":  { "uv": [ 0, 6, 4, 7.5 ], "texture": "#stem" }
    }
},
{
    "__comment": "Stem",
    "from": [ 3, 15.5, 11 ],
    "to": [ 8, 16.5, 12 ],
    "faces": {
        "down":  { "uv": [ 0, 6, 4, 7.5 ], "texture": "#stem" },
        "up":    { "uv": [ 0, 6, 4, 7.5 ], "texture": "#stem" },
        "north": { "uv": [ 0, 7, 4, 9.5 ], "texture": "#stem" },
        "south": { "uv": [ 0, 7, 4, 9.5 ], "texture": "#stem" },
        "west":  { "uv": [ 0.5, 8.5, 2, 10 ], "texture": "#stem" },
        "east":  { "uv": [ 0, 6, 1.5, 7.5 ], "texture": "#stem" }
    }
},
{
    "__comment": "Stem",
    "from": [ 3, 13.5, 7.5 ],
    "to": [ 5, 15.5, 12 ],
    "faces": {
        "down":  { "uv": [ 0, 6, 2, 10.5 ], "texture": "#stem" },
        "up":    { "uv": [ 0, 6, 2, 10.5 ], "texture": "#stem" },
        "north": { "uv": [ 0.5, 6, 1.5, 8 ], "texture": "#stem" },
        "south": { "uv": [ 0.5, 6, 1.5, 8 ], "texture": "#stem" },
        "west":  { "uv": [ 0, 7.5, 4, 9.5 ], "texture": "#stem" },
        "east":  { "uv": [ 0, 7.5, 4, 9.5 ], "texture": "#stem" }
    }
},
{
    "__comment": "Stem",
    "from": [ 0.5, 11, 7.5 ],
    "to": [ 5, 13.5, 10 ],
    "faces": {
        "down":  { "uv": [ 0, 6, 4, 8 ], "texture": "#stem" },
        "up":    { "uv": [ 0, 6, 4, 8 ], "texture": "#stem" },
        "north": { "uv": [ 0, 8, 4, 10 ], "texture": "#stem" },
        "south": { "uv": [ 0, 8, 4, 10 ], "texture": "#stem" },
        "west":  { "uv": [ 1.5, 7, 3.5, 9 ], "rotation": 90, "texture": "#stem" },
        "east":  { "uv": [ 1.5, 7, 3.5, 9 ], "rotation": 90, "texture": "#stem" }
    }
},
{
    "__comment": "Stem",
    "from": [ 0.5, 2.5, 13 ],
    "to": [ 2.5, 8.5, 15.5 ],
    "faces": {
        "down":  { "uv": [ 0, 6.5, 2.5, 9.5 ], "texture": "#stem" },
        "north": { "uv": [ 0.5, 6, 3, 11 ], "texture": "#stem" },
        "south": { "uv": [ 0.5, 6, 3, 11 ], "texture": "#stem" },
        "west":  { "uv": [ 3, 6, 1, 11 ], "texture": "#stem" },
        "east":  { "uv": [ 2, 6, 0, 11 ], "texture": "#stem" }
    }
},
{
    "__comment": "Stem",
    "from": [ 0.5, 8.5, 7.5 ],
    "to": [ 2.5, 11, 15.5 ],
    "faces": {
        "down":  { "uv": [ 0, 6, 2.5, 11 ], "texture": "#stem" },
        "up":    { "uv": [ 0, 6, 2.5, 11 ], "texture": "#stem" },
        "north": { "uv": [ 1.5, 6, 3.5, 8 ], "texture": "#stem" },
        "south": { "uv": [ 1.5, 6.5, 4, 9 ], "texture": "#stem" },
        "west":  { "uv": [ 0, 6, 2, 11 ], "rotation": 90, "texture": "#stem" },
        "east":  { "uv": [ 0, 6, 2, 11 ], "rotation": 90, "texture": "#stem" }
    }
},
{
    "__comment": "Stem",
    "from": [ 2.5, 2.5, 13 ],
    "to": [ 9, 4.5, 15.5 ],
    "faces": {
        "down":  { "uv": [ 0, 6, 4, 9 ], "texture": "#stem" },
        "up":    { "uv": [ 0, 6, 4, 9 ], "texture": "#stem" },
        "north": { "uv": [ 0, 8, 4, 11 ], "texture": "#stem" },
        "south": { "uv": [ 0, 8, 4, 11 ], "texture": "#stem" },
        "east":  { "uv": [ 0, 6, 3, 9 ], "texture": "#stem" }
    }
},
{
    "__comment": "Stem",
    "from": [ 6, 2, 10 ],
    "to": [ 9, 4.5, 13 ],
    "faces": {
        "down":  { "uv": [ 1.5, 6, 3.5, 8 ], "texture": "#stem" },
        "up":    { "uv": [ 1.5, 6, 3.5, 8 ], "texture": "#stem" },
        "west":  { "uv": [ 1, 6, 4, 9 ], "texture": "#stem" },
        "east":  { "uv": [ 1, 6, 4, 9 ], "texture": "#stem" }
    }
},
{
    "__comment": "Stem",
    "from": [ 6, 1, 6.5 ],
    "to": [ 9.5, 4.5, 10 ],
    "faces": {
        "up":    { "uv": [ 0, 6.5, 3.5, 10 ], "texture": "#stem" },
        "north": { "uv": [ 0, 6, 4, 10 ], "texture": "#stem" },
        "south": { "uv": [ 0, 6, 4, 10 ], "texture": "#stem" },
        "west":  { "uv": [ 0.5, 6, 4, 9.5 ], "texture": "#stem" },
        "east":  { "uv": [ 0.5, 6, 4, 9.5 ], "texture": "#stem" }
    }
},
{
    "__comment": "Stem",
    "from": [ 5, 0, 5 ],
    "to": [ 11, 1, 11 ],
    "faces": {
        "up":    { "uv": [ 0, 6, 4, 10 ], "texture": "#stem" },
        "north": { "uv": [ 0, 9, 4, 10 ], "texture": "#stem" },
        "south": { "uv": [ 0, 9, 4, 10 ], "texture": "#stem" },
        "west":  { "uv": [ 0, 9, 4, 10 ], "texture": "#stem" },
        "east":  { "uv": [ 0, 9, 4, 10 ], "texture": "#stem" }
    }
},
{
    "from": [ 3.5, 4, 11 ],
    "to": [ 4, 4.5, 13 ],
    "faces": {
        "down":  { "uv": [ 0, 6, 1, 8 ], "texture": "#stem" },
        "up":    { "uv": [ 0, 6, 1, 8 ], "texture": "#stem" },
        "north": { "uv": [ 0, 6, 1, 7 ], "texture": "#stem" },
        "west":  { "uv": [ 0, 6, 2, 7 ], "texture": "#stem" },
        "east":  { "uv": [ 0, 6, 2, 7 ], "texture": "#stem" }
    }
},
{
    "from": [ 1.5, 3.5, 11 ],
    "to": [ 4, 4, 11.5 ],
    "faces": {
        "down":  { "uv": [ 0, 6, 3, 6.5 ], "texture": "#stem" },
        "up":    { "uv": [ 0, 6, 3, 6.5 ], "texture": "#stem" },
        "north": { "uv": [ 0, 6, 3, 6.5 ], "texture": "#stem" },
        "south": { "uv": [ 0, 6, 3, 6.5 ], "texture": "#stem" },
        "west":  { "uv": [ 0, 6, 0.5, 6.5 ], "texture": "#stem" },
        "east":  { "uv": [ 0, 6, 0.5, 6.5 ], "texture": "#stem" }
    }
},
{
    "from": [ 1.5, 2.5, 11 ],
    "to": [ 2, 3.5, 11.5 ],
    "faces": {
        "down":  { "uv": [ 0, 6, 0.5, 6.5 ], "texture": "#stem" },
        "north": { "uv": [ 0, 6, 0.5, 7 ], "texture": "#stem" },
        "south": { "uv": [ 0, 6, 0.5, 7 ], "texture": "#stem" },
        "west":  { "uv": [ 0, 6, 0.5, 7 ], "texture": "#stem" },
        "east":  { "uv": [ 0, 6, 0.5, 7 ], "texture": "#stem" }
    }
},
{
    "from": [ 6.5, 3, 4 ],
    "to": [ 7, 3.5, 6.5 ],
    "faces": {
        "down":  { "uv": [ 0, 6, 1, 9 ], "texture": "#stem" },
        "up":    { "uv": [ 0, 6, 1, 9 ], "texture": "#stem" },
        "north": { "uv": [ 0, 6, 1, 7 ], "texture": "#stem" },
        "west":  { "uv": [ 0, 6, 3, 7 ], "texture": "#stem" },
        "east":  { "uv": [ 0, 6, 3, 7 ], "texture": "#stem" }
    }
},
{
    "from": [ 7, 3, 4 ],
    "to": [ 9, 3.5, 4.5 ],
    "faces": {
        "down":  { "uv": [ 0, 6, 1, 9 ], "texture": "#stem" },
        "up":    { "uv": [ 0, 6, 1, 9 ], "texture": "#stem" },
        "north": { "uv": [ 0, 6, 1, 7 ], "texture": "#stem" },
        "south": { "uv": [ 0, 6, 1, 7 ], "texture": "#stem" },
        "east":  { "uv": [ 0, 6, 3, 7 ], "texture": "#stem" }
    }
},
{
    "from": [ 8.5, 2, 4 ],
    "to": [ 9, 3, 4.5 ],
    "faces": {
        "down":  { "uv": [ 0, 6, 1, 9 ], "texture": "#stem" },
        "north": { "uv": [ 0, 6, 1, 7 ], "texture": "#stem" },
        "south": { "uv": [ 0, 6, 1, 7 ], "texture": "#stem" },
        "west":  { "uv": [ 0, 6, 3, 7 ], "texture": "#stem" },
        "east":  { "uv": [ 0, 6, 3, 7 ], "texture": "#stem" }
    }
},
{
    "from": [ 5, 15, 7.5 ],
    "to": [ 7, 15.5, 8 ],
    "faces": {
        "down":  { "uv": [ 0, 6, 1, 9 ], "texture": "#stem" },
        "up":    { "uv": [ 0, 6, 1, 9 ], "texture": "#stem" },
        "north": { "uv": [ 0, 6, 1, 7 ], "texture": "#stem" },
        "south": { "uv": [ 0, 6, 1, 7 ], "texture": "#stem" },
        "east":  { "uv": [ 0, 6, 3, 7 ], "texture": "#stem" }
    }
},
{
    "from": [ 6.5, 14, 7.5 ],
    "to": [ 7, 15, 8 ],
    "faces": {
        "down":  { "uv": [ 0, 6, 1, 9 ], "texture": "#stem" },
        "north": { "uv": [ 0, 6, 1, 7 ], "texture": "#stem" },
        "south": { "uv": [ 0, 6, 1, 7 ], "texture": "#stem" },
        "west":  { "uv": [ 0, 6, 3, 7 ], "texture": "#stem" },
        "east":  { "uv": [ 0, 6, 3, 7 ], "texture": "#stem" }
    }
},
{
    "from": [ 9.5, 0.9375, 5 ],
    "to": [ 15.5, 1, 11 ],
    "rotation": { "origin": [ 9.5, 1, 5 ], "axis": "z", "angle": 22.5 },
    "faces": {
        "down":  { "uv": [ 8.5, 8, 16, 0 ], "rotation": 270, "texture": "#stem", "tintindex": 0 },
        "up":    { "uv": [ 8.5, 0, 16, 8 ], "rotation": 90, "texture": "#stem", "tintindex": 0 }
    }
},
{
    "from": [ 0.5, 1.4375, 4.5 ],
    "to": [ 6.5, 1.5, 10.5 ],
    "rotation": { "origin": [ 0.5, 1.4375, 4.5 ], "axis": "y", "angle": 45 },
    "faces": {
        "down":  { "uv": [ 8.5, 8, 16, 0 ], "texture": "#stem", "tintindex": 0 },
        "up":    { "uv": [ 8.5, 0, 16, 8 ], "texture": "#stem", "tintindex": 0 }
    }
},
{
    "from": [ -0.75, 17.1875, 5 ],
    "to": [ 5.25, 17.25, 10 ],
    "rotation": { "origin": [ -0.75, 17.25, 5 ], "axis": "z", "angle": -45 },
    "faces": {
        "down":  { "uv": [ 8.5, 8, 16, 0 ], "rotation": 90, "texture": "#stem", "tintindex": 0 },
        "up":    { "uv": [ 8.5, 0, 16, 8 ], "rotation": 270, "texture": "#stem", "tintindex": 0 }
    }
},
{
    "from": [ 2.5, 4.9375, 13.5 ],
    "to": [ 6.5, 5, 16.5 ],
    "rotation": { "origin": [ 2.5, 5, 13.5 ], "axis": "z", "angle": 45 },
    "faces": {
        "down":  { "uv": [ 12, 16, 16, 10 ], "rotation": 270, "texture": "#stem", "tintindex": 0 },
        "up":    { "uv": [ 12, 10, 16, 16 ], "rotation": 90, "texture": "#stem", "tintindex": 0 }
    }
},
{
    "from": [ 2.5, 16.9375, 7.8125 ],
    "to": [ 5.5, 17, 11.8125 ],
    "rotation": { "origin": [ 2.5, 17, 7.8125 ], "axis": "x", "angle": 22.5 },
    "faces": {
        "down":  { "uv": [ 12, 16, 16, 10 ], "texture": "#stem", "tintindex": 0 },
        "up":    { "uv": [ 12, 10, 16, 16 ], "texture": "#stem", "tintindex": 0 }
    }
},
{
    "from": [ 1, 5.4375, 16 ],
    "to": [ 3, 5.5, 19 ],
    "rotation": { "origin": [ 1, 5.5, 16 ], "axis": "x", "angle": 45 },
    "faces": {
        "down":  { "uv": [ 12, 16, 16, 10 ], "rotation": 180, "texture": "#stem", "tintindex": 0 },
        "up":    { "uv": [ 12, 10, 16, 16 ], "rotation": 180, "texture": "#stem", "tintindex": 0 }
    }
},
{
    "from": [ 3, 6.5, 3 ],
    "to": [ 3.0625, 11.5, 8.5 ],
    "rotation": { "origin": [ 3, 6.5, 3 ], "axis": "y", "angle": -22.5 },
    "faces": {
        "west":  { "uv": [ 11, 11, 4, 16 ], "texture": "#stem" },
        "east":  { "uv": [ 4, 11, 11, 16 ], "texture": "#stem" }
    }
},
{
    "from": [ 9, 0.5, 9.5 ],
    "to": [ 9.0625, 4, 14 ],
    "rotation": { "origin": [ 9, 0.5, 9.5 ], "axis": "y", "angle": 45 },
    "faces": {
        "west":  { "uv": [ 4, 11, 11, 16 ], "texture": "#stem" },
        "east":  { "uv": [ 11, 11, 4, 16 ], "texture": "#stem" }
    }
},
{
    "from": [ 4.5, 9.5, 11.5 ],
    "to": [ 4.5625, 14.5, 14.5 ],
    "rotation": { "origin": [ 4.5, 9.5, 11.5 ], "axis": "y", "angle": -22.5 },
    "faces": {
        "west":  { "uv": [ 4, 5, 7, 10.5 ], "texture": "#stem" },
        "east":  { "uv": [ 7, 5, 4, 10.5 ], "texture": "#stem" }
    }
},
{
    "from": [ 7.5, 16.6875, 14.5 ],
    "to": [ 10.5, 16.75, 17.5 ],
    "rotation": { "origin": [ 7.5, 16.6875, 14.5 ], "axis": "y", "angle": 45 },
    "faces": {
        "down":  { "uv": [ 4, 5, 8.5, 0 ], "texture": "#stem" },
        "up":    { "uv": [ 4, 0, 8.5, 5 ], "texture": "#stem" }
    }
},
{
    "from": [ 1.5, 5.4375, 16.5 ],
    "to": [ 3.5, 5.5, 19.5 ],
    "rotation": { "origin": [ 1.5, 5.4375, 16.5 ], "axis": "y", "angle": 45 },
    "faces": {
        "down":  { "uv": [ 12, 16, 16, 10 ], "rotation": 180, "texture": "#stem", "tintindex": 0 },
        "up":    { "uv": [ 12, 10, 16, 16 ], "rotation": 180, "texture": "#stem", "tintindex": 0 }
    }
},
{
    "from": [ 10, 0.4375, 4 ],
    "to": [ 14, 0.5, 7 ],
    "rotation": { "origin": [ 10, 0.4375, 4 ], "axis": "y", "angle": 22.5 },
    "faces": {
        "down":  { "uv": [ 12, 16, 16, 10 ], "rotation": 270, "texture": "#stem", "tintindex": 0 },
        "up":    { "uv": [ 12, 10, 16, 16 ], "rotation": 90, "texture": "#stem", "tintindex": 0 }
    }
},
{
    "from": [ 9, 1.9375, 1.5 ],
    "to": [ 12, 2, 5.5 ],
    "rotation": { "origin": [ 9, 2, 1.5 ], "axis": "x", "angle": 22.5 },
    "faces": {
        "down":  { "uv": [ 12, 16, 16, 10 ], "texture": "#stem", "tintindex": 0 },
        "up":    { "uv": [ 12, 10, 16, 16 ], "texture": "#stem", "tintindex": 0 }
    }
}
]
}