{
"__comment": "Designed by Sphax with BDcraft Cubik PRO 0.90 Beta - http://bdcraft.net",
"textures": {
	"particle": "#stem",
    "stem": "#stem"
},
"elements": [ 
{
    "__comment": "Stem",
    "from": [ 6, 5, 9 ],
    "to": [ 6.5, 5.5, 10.5 ],
    "faces": {
        "down":  { "uv": [ 0, 6, 0.5, 7.5 ], "texture": "#stem" },
        "up":    { "uv": [ 0, 7, 0.5, 8.5 ], "texture": "#stem" },
        "south": { "uv": [ 0, 6, 0.5, 6.5 ], "texture": "#stem" },
        "west":  { "uv": [ 0, 6, 1.5, 6.5 ], "texture": "#stem" },
        "east":  { "uv": [ 0, 6, 1.5, 6.5 ], "texture": "#stem" }
    }
},
{
    "__comment": "Stem",
    "from": [ 5, 5, 8.5 ],
    "to": [ 6.5, 5.5, 9 ],
    "faces": {
        "down":  { "uv": [ 0, 6, 1.5, 6.5 ], "texture": "#stem" },
        "up":    { "uv": [ 1, 6, 2.5, 6.5 ], "texture": "#stem" },
        "north": { "uv": [ 0, 6, 1.5, 6.5 ], "texture": "#stem" },
        "south": { "uv": [ 0, 6, 1.5, 6.5 ], "texture": "#stem" },
        "east":  { "uv": [ 0, 6, 0.5, 6.5 ], "texture": "#stem" }
    }
},
{
    "__comment": "Stem",
    "from": [ 4, 2, 10.5 ],
    "to": [ 5, 5, 11.5 ],
    "faces": {
        "down":  { "uv": [ 0, 6, 1, 7 ], "texture": "#stem" },
        "north": { "uv": [ 0, 6, 1, 9 ], "texture": "#stem" },
        "south": { "uv": [ 0, 6, 1, 9 ], "texture": "#stem" },
        "west":  { "uv": [ 0, 7, 1, 10 ], "texture": "#stem" },
        "east":  { "uv": [ 0, 6.5, 1, 9.5 ], "texture": "#stem" }
    }
},
{
    "__comment": "Stem",
    "from": [ 4, 5, 8.5 ],
    "to": [ 5, 5.5, 11.5 ],
    "faces": {
        "down":  { "uv": [ 0, 6, 1, 9 ], "texture": "#stem" },
        "up":    { "uv": [ 0, 6, 1, 9 ], "texture": "#stem" },
        "north": { "uv": [ 0, 6, 1, 6.5 ], "texture": "#stem" },
        "south": { "uv": [ 1.5, 6.5, 2.5, 7 ], "texture": "#stem" },
        "west":  { "uv": [ 0, 6, 3, 6.5 ], "texture": "#stem" },
        "east":  { "uv": [ 0, 6, 3, 6.5 ], "texture": "#stem" }
    }
},
{
    "__comment": "Stem",
    "from": [ 5, 2, 10.5 ],
    "to": [ 8.5, 3, 11.5 ],
    "faces": {
        "down":  { "uv": [ 0, 6, 3.5, 7 ], "texture": "#stem" },
        "up":    { "uv": [ 0, 6, 3.5, 7 ], "texture": "#stem" },
        "north": { "uv": [ 0, 6, 3.5, 7 ], "texture": "#stem" },
        "south": { "uv": [ 0, 6, 3.5, 7 ], "texture": "#stem" },
        "east":  { "uv": [ 1, 6.5, 2, 7.5 ], "texture": "#stem" }
    }
},
{
    "__comment": "Stem",
    "from": [ 7.5, 2, 8.5 ],
    "to": [ 8.5, 3, 10.5 ],
    "faces": {
        "down":  { "uv": [ 0, 6, 1, 8 ], "texture": "#stem" },
        "up":    { "uv": [ 0, 6, 1, 8 ], "texture": "#stem" },
        "west":  { "uv": [ 0, 6, 2, 7 ], "texture": "#stem" },
        "east":  { "uv": [ 0, 6, 2, 7 ], "texture": "#stem" }
    }
},
{
    "__comment": "Stem",
    "from": [ 7.5, 0.5, 7.5 ],
    "to": [ 8.5, 3, 8.5 ],
    "faces": {
        "up":    { "uv": [ 1, 8, 2, 9 ], "texture": "#stem" },
        "north": { "uv": [ 0, 6, 1, 8.5 ], "texture": "#stem" },
        "south": { "uv": [ 0, 6, 1, 8.5 ], "texture": "#stem" },
        "west":  { "uv": [ 0.5, 8, 1.5, 10.5 ], "texture": "#stem" },
        "east":  { "uv": [ 1.5, 7, 2.5, 9.5 ], "texture": "#stem" }
    }
},
{
    "__comment": "Stem",
    "from": [ 7, 0, 7 ],
    "to": [ 9, 0.5, 9 ],
    "faces": {
        "up":    { "uv": [ 0, 6, 2, 8 ], "texture": "#stem" },
        "north": { "uv": [ 0, 6, 2, 6.5 ], "texture": "#stem" },
        "south": { "uv": [ 0, 6, 2, 6.5 ], "texture": "#stem" },
        "west":  { "uv": [ 0, 6, 2, 6.5 ], "texture": "#stem" },
        "east":  { "uv": [ 0, 6, 2, 6.5 ], "texture": "#stem" }
    }
},
{
    "from": [ 5, 2.5, 9 ],
    "to": [ 5.5, 3, 10.5 ],
    "faces": {
        "down":  { "uv": [ 0, 6, 1, 8 ], "texture": "#stem" },
        "up":    { "uv": [ 0, 6, 1, 8 ], "texture": "#stem" },
        "north": { "uv": [ 0, 6, 1, 7 ], "texture": "#stem" },
        "west":  { "uv": [ 0, 6, 2, 7 ], "texture": "#stem" },
        "east":  { "uv": [ 0, 6, 2, 7 ], "texture": "#stem" }
    }
},
{
    "from": [ 3.5, 2.5, 9 ],
    "to": [ 5, 3, 9.5 ],
    "faces": {
        "down":  { "uv": [ 0, 6, 3, 6.5 ], "texture": "#stem" },
        "up":    { "uv": [ 0, 6, 3, 6.5 ], "texture": "#stem" },
        "north": { "uv": [ 0, 6, 3, 6.5 ], "texture": "#stem" },
        "south": { "uv": [ 0, 6, 3, 6.5 ], "texture": "#stem" },
        "west":  { "uv": [ 0, 6, 0.5, 6.5 ], "texture": "#stem" }
    }
},
{
    "from": [ 3.5, 1.5, 9 ],
    "to": [ 4, 2.5, 9.5 ],
    "faces": {
        "down":  { "uv": [ 0, 6, 0.5, 6.5 ], "texture": "#stem" },
        "north": { "uv": [ 0, 6, 0.5, 7 ], "texture": "#stem" },
        "south": { "uv": [ 0, 6, 0.5, 7 ], "texture": "#stem" },
        "west":  { "uv": [ 0, 6, 0.5, 7 ], "texture": "#stem" },
        "east":  { "uv": [ 0, 6, 0.5, 7 ], "texture": "#stem" }
    }
},
{
    "from": [ 7.5, 2.5, 6 ],
    "to": [ 8, 3, 7.5 ],
    "faces": {
        "down":  { "uv": [ 0, 6, 1, 9 ], "texture": "#stem" },
        "up":    { "uv": [ 0, 6, 1, 9 ], "texture": "#stem" },
        "north": { "uv": [ 0, 6, 1, 7 ], "texture": "#stem" },
        "west":  { "uv": [ 0, 6, 3, 7 ], "texture": "#stem" },
        "east":  { "uv": [ 0, 6, 3, 7 ], "texture": "#stem" }
    }
},
{
    "from": [ 8, 2.5, 6 ],
    "to": [ 9, 3, 6.5 ],
    "faces": {
        "down":  { "uv": [ 0, 6, 1.5, 6.5 ], "texture": "#stem" },
        "up":    { "uv": [ 0, 6, 1.5, 6.5 ], "texture": "#stem" },
        "north": { "uv": [ 0, 6, 1.5, 6.5 ], "texture": "#stem" },
        "south": { "uv": [ 0, 6, 1.5, 6.5 ], "texture": "#stem" },
        "east":  { "uv": [ 0, 6, 0.5, 6.5 ], "texture": "#stem" }
    }
},
{
    "from": [ 8, 0.9375, 7 ],
    "to": [ 12.5, 1, 10.5 ],
    "rotation": { "origin": [ 8, 1, 7 ], "axis": "z", "angle": 22.5 },
    "faces": {
        "down":  { "uv": [ 8.5, 8, 16, 0 ], "rotation": 270, "texture": "#stem", "tintindex": 0 },
        "up":    { "uv": [ 8.5, 0, 16, 8 ], "rotation": 90, "texture": "#stem", "tintindex": 0 }
    }
},
{
    "from": [ 4, 0.9375, 6.5 ],
    "to": [ 7.5, 1, 10.5 ],
    "rotation": { "origin": [ 4, 0.9375, 6.5 ], "axis": "y", "angle": 45 },
    "faces": {
        "up":    { "uv": [ 8.5, 0, 16, 8 ], "texture": "#stem", "tintindex": 0 }
    }
},
{
    "from": [ 1, 3.4375, 9.5 ],
    "to": [ 5, 3.5, 13 ],
    "rotation": { "origin": [ 1, 3.5, 9.5 ], "axis": "z", "angle": -22.5 },
    "faces": {
        "down":  { "uv": [ 8.5, 8, 16, 0 ], "rotation": 90, "texture": "#stem", "tintindex": 0 },
        "up":    { "uv": [ 8.5, 0, 16, 8 ], "rotation": 270, "texture": "#stem", "tintindex": 0 }
    }
},
{
    "from": [ 4, 2.9375, 11.5 ],
    "to": [ 5.5, 3, 13.5 ],
    "rotation": { "origin": [ 4, 3, 11.5 ], "axis": "x", "angle": 45 },
    "faces": {
        "down":  { "uv": [ 12, 16, 16, 10 ], "rotation": 180, "texture": "#stem", "tintindex": 0 },
        "up":    { "uv": [ 12, 10, 16, 16 ], "rotation": 180, "texture": "#stem", "tintindex": 0 }
    }
},
{
    "from": [ 8, 0, 11 ],
    "to": [ 8.0625, 2.5, 13 ],
    "rotation": { "origin": [ 8, 0, 11 ], "axis": "y", "angle": 45 },
    "faces": {
        "west":  { "uv": [ 4, 5, 7, 10.5 ], "texture": "#stem", "tintindex": 0 },
        "east":  { "uv": [ 7, 5, 4, 10.5 ], "texture": "#stem", "tintindex": 0 }
    }
},
{
    "from": [ 4, 2.5, 11 ],
    "to": [ 4.0625, 5.5, 13 ],
    "rotation": { "origin": [ 4, 2.5, 11 ], "axis": "y", "angle": -22.5 },
    "faces": {
        "west":  { "uv": [ 4, 5, 7, 10.5 ], "texture": "#stem", "tintindex": 0 },
        "east":  { "uv": [ 7, 5, 4, 10.5 ], "texture": "#stem", "tintindex": 0 }
    }
},
{
    "from": [ 7.5, 0.5625, 8 ],
    "to": [ 10.5, 0.625, 11 ],
    "rotation": { "origin": [ 7.5, 0.5625, 8 ], "axis": "y", "angle": -45 },
    "faces": {
        "up":    { "uv": [ 4, 0, 8.5, 5 ], "texture": "#stem", "tintindex": 0 }
    }
},
{
    "from": [ 4.5, 2.9375, 12 ],
    "to": [ 6, 3, 14 ],
    "rotation": { "origin": [ 4.5, 2.9375, 12 ], "axis": "y", "angle": 45 },
    "faces": {
        "down":  { "uv": [ 12, 16, 16, 10 ], "rotation": 180, "texture": "#stem", "tintindex": 0 },
        "up":    { "uv": [ 12, 10, 16, 16 ], "rotation": 180, "texture": "#stem", "tintindex": 0 }
    }
},
{
    "from": [ 8, 0.9375, 7.5 ],
    "to": [ 10.5, 1, 9.5 ],
    "rotation": { "origin": [ 8, 0.9375, 7.5 ], "axis": "y", "angle": 22.5 },
    "faces": {
        "down":  { "uv": [ 12, 16, 16, 10 ], "rotation": 270, "texture": "#stem", "tintindex": 0 },
        "up":    { "uv": [ 12, 10, 16, 16 ], "rotation": 90, "texture": "#stem", "tintindex": 0 }
    }
},
{
    "from": [ 8, 1.4375, 5.5 ],
    "to": [ 10, 1.5, 8.5 ],
    "rotation": { "origin": [ 8, 1.5, 5.5 ], "axis": "x", "angle": 22.5 },
    "faces": {
        "down":  { "uv": [ 12, 16, 16, 10 ], "texture": "#stem", "tintindex": 0 },
        "up":    { "uv": [ 12, 10, 16, 16 ], "texture": "#stem", "tintindex": 0 }
    }
}
]
}