{
"__comment": "Designed by Sphax with BDcraft Cubik PRO 0.90 Beta - http://bdcraft.net",
"textures": {
	"particle": "#stem",
    "stem": "#stem"
},
"elements": [ 
{
    "__comment": "Stem",
    "from": [ 6, 4.5, 10.5 ],
    "to": [ 6.5, 5, 12 ],
    "faces": {
        "down":  { "uv": [ 0, 11, 0.5, 12.5 ], "texture": "#stem" },
        "up":    { "uv": [ 0, 11, 0.5, 12.5 ], "texture": "#stem" },
        "south": { "uv": [ 0, 11, 0.5, 11.5 ], "texture": "#stem" },
        "west":  { "uv": [ 0, 11, 1.5, 11.5 ], "texture": "#stem" },
        "east":  { "uv": [ 0, 11, 1.5, 11.5 ], "texture": "#stem" }
    }
},
{
    "__comment": "Stem",
    "from": [ 5, 4.5, 10 ],
    "to": [ 6.5, 5, 10.5 ],
    "faces": {
        "down":  { "uv": [ 0, 11, 1.5, 11.5 ], "texture": "#stem" },
        "up":    { "uv": [ 0, 11, 1.5, 11.5 ], "texture": "#stem" },
        "north": { "uv": [ 0, 11, 1.5, 11.5 ], "texture": "#stem" },
        "south": { "uv": [ 0, 11, 1.5, 11.5 ], "texture": "#stem" },
        "west":  { "uv": [ 0, 11, 0.5, 11.5 ], "texture": "#stem" },
        "east":  { "uv": [ 0, 11, 0.5, 11.5 ], "texture": "#stem" }
    }
},
{
    "__comment": "Stem",
    "from": [ 5, 1.5, 10 ],
    "to": [ 5.5, 4.5, 10.5 ],
    "faces": {
        "down":  { "uv": [ 0, 11, 0.5, 11.5 ], "texture": "#stem" },
        "north": { "uv": [ 0, 11, 0.5, 14 ], "texture": "#stem" },
        "south": { "uv": [ 0, 11, 0.5, 14 ], "texture": "#stem" },
        "west":  { "uv": [ 0, 11, 0.5, 14 ], "texture": "#stem" },
        "east":  { "uv": [ 0, 11, 0.5, 14 ], "texture": "#stem" }
    }
},
{
    "__comment": "Stem",
    "from": [ 5.5, 1.5, 10 ],
    "to": [ 8, 2, 10.5 ],
    "faces": {
        "down":  { "uv": [ 0, 11, 2.5, 11.5 ], "texture": "#stem" },
        "up":    { "uv": [ 0, 11, 2.5, 11.5 ], "texture": "#stem" },
        "north": { "uv": [ 0, 11, 2.5, 11.5 ], "texture": "#stem" },
        "south": { "uv": [ 0, 11, 2.5, 11.5 ], "texture": "#stem" },
        "east":  { "uv": [ 0, 11, 0.5, 11.5 ], "texture": "#stem" }
    }
},
{
    "__comment": "Stem",
    "from": [ 7.5, 1.5, 8.5 ],
    "to": [ 8, 2, 10 ],
    "faces": {
        "down":  { "uv": [ 0, 11, 0.5, 12.5 ], "texture": "#stem" },
        "up":    { "uv": [ 1.5, 11.5, 2, 13 ], "texture": "#stem" },
        "west":  { "uv": [ 0, 11, 1.5, 11.5 ], "texture": "#stem" },
        "east":  { "uv": [ 0, 11, 1.5, 11.5 ], "texture": "#stem" }
    }
},
{
    "__comment": "Stem",
    "from": [ 7.5, 0.5, 7.5 ],
    "to": [ 8.5, 2, 8.5 ],
    "faces": {
        "up":    { "uv": [ 1.5, 11, 2.5, 12 ], "texture": "#stem" },
        "north": { "uv": [ 0, 11, 1, 12.5 ], "texture": "#stem" },
        "south": { "uv": [ 0, 11, 1, 12.5 ], "texture": "#stem" },
        "west":  { "uv": [ 0, 11, 1, 12.5 ], "texture": "#stem" },
        "east":  { "uv": [ 0, 11, 1, 12.5 ], "texture": "#stem" }
    }
},
{
    "__comment": "Stem",
    "from": [ 7, 0, 7 ],
    "to": [ 9, 0.5, 9 ],
    "faces": {
        "up":    { "uv": [ 0, 11, 2, 13 ], "texture": "#stem" },
        "north": { "uv": [ 0, 11, 2, 11.5 ], "texture": "#stem" },
        "south": { "uv": [ 0, 11, 2, 11.5 ], "texture": "#stem" },
        "west":  { "uv": [ 0, 11, 2, 11.5 ], "texture": "#stem" },
        "east":  { "uv": [ 0, 11, 2, 11.5 ], "texture": "#stem" }
    }
},
{
    "from": [ 5, 1.5, 9 ],
    "to": [ 5.5, 2, 10 ],
    "faces": {
        "down":  { "uv": [ 0, 11, 0.5, 12 ], "texture": "#stem" },
        "up":    { "uv": [ 0, 11, 0.5, 12 ], "texture": "#stem" },
        "north": { "uv": [ 0, 11, 0.5, 11.5 ], "texture": "#stem" },
        "west":  { "uv": [ 0, 11, 1, 11.5 ], "texture": "#stem" },
        "east":  { "uv": [ 0, 11, 1, 11.5 ], "texture": "#stem" }
    }
},
{
    "from": [ 7.5, 1.5, 6.5 ],
    "to": [ 8, 2, 7.5 ],
    "faces": {
        "down":  { "uv": [ 0, 11, 0.5, 12 ], "texture": "#stem" },
        "up":    { "uv": [ 0, 11, 0.5, 12 ], "texture": "#stem" },
        "north": { "uv": [ 0, 11, 0.5, 11.5 ], "texture": "#stem" },
        "west":  { "uv": [ 0, 11, 1, 11.5 ], "texture": "#stem" },
        "east":  { "uv": [ 0, 11, 1, 11.5 ], "texture": "#stem" }
    }
},
{
    "from": [ 8, 0.9375, 7 ],
    "to": [ 11.5, 1, 10 ],
    "rotation": { "origin": [ 8, 1, 7 ], "axis": "z", "angle": 22.5 },
    "faces": {
        "down":  { "uv": [ 8.5, 8, 16, 0 ], "rotation": 270, "texture": "#stem", "tintindex": 0 },
        "up":    { "uv": [ 8.5, 0, 16, 8 ], "rotation": 90, "texture": "#stem", "tintindex": 0 }
    }
},
{
    "from": [ 4, 0.9375, 6.5 ],
    "to": [ 7.5, 1, 10.5 ],
    "rotation": { "origin": [ 4, 0.9375, 6.5 ], "axis": "y", "angle": 45 },
    "faces": {
        "up":    { "uv": [ 8.5, 0, 16, 8 ], "texture": "#stem", "tintindex": 0 }
    }
},
{
    "from": [ 4.5, 1.9375, 10.5 ],
    "to": [ 5.5, 2, 11.5 ],
    "rotation": { "origin": [ 4.5, 2, 10.5 ], "axis": "x", "angle": 45 },
    "faces": {
        "down":  { "uv": [ 12, 16, 16, 10 ], "rotation": 180, "texture": "#stem", "tintindex": 0 },
        "up":    { "uv": [ 12, 10, 16, 16 ], "rotation": 180, "texture": "#stem", "tintindex": 0 }
    }
},
{
    "from": [ 6.25, 3.5, 11.6875 ],
    "to": [ 6.3125, 6, 14.6875 ],
    "rotation": { "origin": [ 6.25, 3.5, 11.6875 ], "axis": "y", "angle": -45 },
    "faces": {
        "west":  { "uv": [ 4, 11, 11, 16 ], "texture": "#stem", "tintindex": 0 },
        "east":  { "uv": [ 11, 11, 4, 16 ], "texture": "#stem", "tintindex": 0 }
    }
},
{
    "from": [ 4.1875, 0, 8.1875 ],
    "to": [ 4.25, 2, 9.6875 ],
    "rotation": { "origin": [ 4.1875, 0, 8.1875 ], "axis": "y", "angle": 45 },
    "faces": {
        "west":  { "uv": [ 7, 5, 4, 10.5 ], "texture": "#stem", "tintindex": 0 },
        "east":  { "uv": [ 4, 5, 7, 10.5 ], "texture": "#stem", "tintindex": 0 }
    }
},
{
    "from": [ 7, 0.25, 8.5 ],
    "to": [ 9, 0.3125, 10.5 ],
    "rotation": { "origin": [ 7, 0.25, 8.5 ], "axis": "y", "angle": -45 },
    "faces": {
        "up":    { "uv": [ 4, 0, 8.5, 5 ], "texture": "#stem", "tintindex": 0 }
    }
},
{
    "from": [ 5, 2.125, 10.6875 ],
    "to": [ 6, 2.1875, 12.1875 ],
    "rotation": { "origin": [ 5, 2.125, 10.6875 ], "axis": "y", "angle": 45 },
    "faces": {
        "down":  { "uv": [ 12, 16, 16, 10 ], "rotation": 180, "texture": "#stem", "tintindex": 0 },
        "up":    { "uv": [ 12, 10, 16, 16 ], "rotation": 180, "texture": "#stem", "tintindex": 0 }
    }
},
{
    "from": [ 8, 0.9375, 7.5 ],
    "to": [ 10.5, 1, 9.5 ],
    "rotation": { "origin": [ 8, 0.9375, 7.5 ], "axis": "y", "angle": 22.5 },
    "faces": {
        "down":  { "uv": [ 12, 16, 16, 10 ], "rotation": 270, "texture": "#stem", "tintindex": 0 },
        "up":    { "uv": [ 12, 10, 16, 16 ], "rotation": 90, "texture": "#stem", "tintindex": 0 }
    }
},
{
    "from": [ 8, 1.4375, 5.5 ],
    "to": [ 10, 1.5, 8.5 ],
    "rotation": { "origin": [ 8, 1.5, 5.5 ], "axis": "x", "angle": 22.5 },
    "faces": {
        "down":  { "uv": [ 12, 16, 16, 10 ], "texture": "#stem", "tintindex": 0 },
        "up":    { "uv": [ 12, 10, 16, 16 ], "texture": "#stem", "tintindex": 0 }
    }
}
]
}