{
"__comment": "Designed by Sphax with BDcraft Cubik PRO 0.90 Beta - http://bdcraft.net",
"textures": {
	"particle": "#stem",
    "stem": "#stem"
},
"elements": [ 
{
    "__comment": "Stem",
    "from": [ 7.5, 0, 7.5 ],
    "to": [ 8.5, 0.5, 8.5 ],
    "faces": {
        "up":    { "uv": [ 0, 11, 1, 12 ], "texture": "#stem", "tintindex": 0 },
        "north": { "uv": [ 0, 11, 1, 11.5 ], "texture": "#stem", "tintindex": 0 },
        "south": { "uv": [ 0, 11, 1, 11.5 ], "texture": "#stem", "tintindex": 0 },
        "west":  { "uv": [ 0, 11, 1, 11.5 ], "texture": "#stem", "tintindex": 0 },
        "east":  { "uv": [ 0, 11, 1, 11.5 ], "texture": "#stem", "tintindex": 0 }
    }
},
{
    "from": [ 8, -0.0625, 6.5 ],
    "to": [ 11.5, 0, 9.5 ],
    "rotation": { "origin": [ 8, 0, 6.5 ], "axis": "z", "angle": 22.5 },
    "faces": {
        "down":  { "uv": [ 8.5, 8, 16, 0 ], "rotation": 270, "texture": "#stem", "tintindex": 0 },
        "up":    { "uv": [ 8.5, 0, 16, 8 ], "rotation": 90, "texture": "#stem", "tintindex": 0 }
    }
},
{
    "from": [ 4, 0.25, 6.5 ],
    "to": [ 7.5, 0.3125, 10.5 ],
    "rotation": { "origin": [ 4, 0.25, 6.5 ], "axis": "y", "angle": 45 },
    "faces": {
        "up":    { "uv": [ 8.5, 0, 16, 8 ], "texture": "#stem", "tintindex": 0 }
    }
},
{
    "from": [ 8, 0.0625, 7.5 ],
    "to": [ 10, 0.125, 11.5 ],
    "rotation": { "origin": [ 8, 0.0625, 7.5 ], "axis": "y", "angle": 45 },
    "faces": {
        "up":    { "uv": [ 4, 5, 7, 10.5 ], "texture": "#stem", "tintindex": 0 }
    }
},
{
    "from": [ 7.25, 0.1875, 7.6875 ],
    "to": [ 8.75, 0.25, 9.6875 ],
    "rotation": { "origin": [ 7.25, 0.1875, 7.6875 ], "axis": "y", "angle": -45 },
    "faces": {
        "up":    { "uv": [ 12, 10, 16, 16 ], "rotation": 180, "texture": "#stem", "tintindex": 0 }
    }
},
{
    "from": [ 7.5, -0.0625, 8.3125 ],
    "to": [ 9, 0, 10.3125 ],
    "rotation": { "origin": [ 7.5, 0, 8.3125 ], "axis": "x", "angle": -45 },
    "faces": {
        "down":  { "uv": [ 12, 16, 16, 10 ], "rotation": 180, "texture": "#stem", "tintindex": 0 },
        "up":    { "uv": [ 12, 10, 16, 16 ], "rotation": 180, "texture": "#stem", "tintindex": 0 }
    }
},
{
    "from": [ 7.5, 0.9375, 6 ],
    "to": [ 9, 1, 8 ],
    "rotation": { "origin": [ 7.5, 1, 6 ], "axis": "x", "angle": 22.5 },
    "faces": {
        "down":  { "uv": [ 12, 16, 16, 10 ], "texture": "#stem", "tintindex": 0 },
        "up":    { "uv": [ 12, 10, 16, 16 ], "texture": "#stem", "tintindex": 0 }
    }
},
{
    "from": [ 3.5, 0.0625, 9.5 ],
    "to": [ 7.5, 0.125, 13 ],
    "rotation": { "origin": [ 3.5, 0.0625, 9.5 ], "axis": "y", "angle": 45 },
    "faces": {
        "up":    { "uv": [ 4, 11, 11, 16 ], "rotation": 180, "texture": "#stem", "tintindex": 0 }
    }
}
]
}